"","dep","typequ","nb_2012","nb_2017","P13_POP_sum_pop","year","per_inhabitant"
"1","01","A104",47,42,619497,"2012",7.58680025891974e-05
"2","01","A105",0,0,619497,"2012",0
"3","01","A106",1,1,619497,"2012",1.61421282104675e-06
"4","01","A107",4,4,619497,"2012",6.45685128418701e-06
"5","01","A108",3,3,619497,"2012",4.84263846314026e-06
"6","01","A109",1,1,619497,"2012",1.61421282104675e-06
"7","01","A206",93,77,619497,"2012",0.000150121792357348
"8","01","A208",45,52,619497,"2012",7.26395769471039e-05
"9","02","A104",40,37,540067,"2012",7.40648845421031e-05
"10","02","A105",0,0,540067,"2012",0
"11","02","A106",3,3,540067,"2012",5.55486634065773e-06
"12","02","A107",3,3,540067,"2012",5.55486634065773e-06
"13","02","A108",3,3,540067,"2012",5.55486634065773e-06
"14","02","A109",2,2,540067,"2012",3.70324422710516e-06
"15","02","A206",95,87,540067,"2012",0.000175904100787495
"16","02","A208",68,76,540067,"2012",0.000125910303721575
"17","03","A104",29,26,343431,"2012",8.44419985382799e-05
"18","03","A105",0,0,343431,"2012",0
"19","03","A106",3,3,343431,"2012",8.7353791591324e-06
"20","03","A107",3,3,343431,"2012",8.7353791591324e-06
"21","03","A108",3,3,343431,"2012",8.7353791591324e-06
"22","03","A109",2,2,343431,"2012",5.82358610608827e-06
"23","03","A206",94,68,343431,"2012",0.000273708546986149
"24","03","A208",69,87,343431,"2012",0.000200913720660045
"25","04","A104",29,28,161916,"2012",0.000179105215049779
"26","04","A105",0,0,161916,"2012",0
"27","04","A106",1,1,161916,"2012",6.17604189826824e-06
"28","04","A107",2,2,161916,"2012",1.23520837965365e-05
"29","04","A108",1,1,161916,"2012",6.17604189826824e-06
"30","04","A109",1,1,161916,"2012",6.17604189826824e-06
"31","04","A206",54,51,161916,"2012",0.000333506262506485
"32","04","A208",41,43,161916,"2012",0.000253217717828998
"33","05","A104",22,20,139279,"2012",0.000157956332253965
"34","05","A105",0,0,139279,"2012",0
"35","05","A106",1,1,139279,"2012",7.17983328427114e-06
"36","05","A107",1,1,139279,"2012",7.17983328427114e-06
"37","05","A108",1,1,139279,"2012",7.17983328427114e-06
"38","05","A109",1,1,139279,"2012",7.17983328427114e-06
"39","05","A206",45,38,139279,"2012",0.000323092497792201
"40","05","A208",44,51,139279,"2012",0.00031591266450793
"41","06","A104",40,38,1080771,"2012",3.70106155698108e-05
"42","06","A105",0,0,1080771,"2012",0
"43","06","A106",2,2,1080771,"2012",1.85053077849054e-06
"44","06","A107",6,6,1080771,"2012",5.55159233547162e-06
"45","06","A108",3,3,1080771,"2012",2.77579616773581e-06
"46","06","A109",4,4,1080771,"2012",3.70106155698108e-06
"47","06","A206",138,127,1080771,"2012",0.000127686623715847
"48","06","A208",62,66,1080771,"2012",5.73664541332068e-05
"49","07","A104",35,31,320379,"2012",0.000109245612228017
"50","07","A105",0,0,320379,"2012",0
"51","07","A106",1,1,320379,"2012",3.12130320651478e-06
"52","07","A107",3,3,320379,"2012",9.36390961954435e-06
"53","07","A108",2,2,320379,"2012",6.24260641302957e-06
"54","07","A109",1,1,320379,"2012",3.12130320651478e-06
"55","07","A206",74,65,320379,"2012",0.000230976437282094
"56","07","A208",92,95,320379,"2012",0.00028715989499936
"57","08","A104",35,31,280907,"2012",0.000124596396672208
"58","08","A105",0,0,280907,"2012",0
"59","08","A106",1,1,280907,"2012",3.55989704777738e-06
"60","08","A107",2,2,280907,"2012",7.11979409555476e-06
"61","08","A108",1,1,280907,"2012",3.55989704777738e-06
"62","08","A109",1,1,280907,"2012",3.55989704777738e-06
"63","08","A206",58,51,280907,"2012",0.000206474028771088
"64","08","A208",32,35,280907,"2012",0.000113916705528876
"65","09","A104",20,19,152684,"2012",0.00013098949464253
"66","09","A105",0,0,152684,"2012",0
"67","09","A106",1,1,152684,"2012",6.54947473212648e-06
"68","09","A107",2,2,152684,"2012",1.3098949464253e-05
"69","09","A108",1,1,152684,"2012",6.54947473212648e-06
"70","09","A109",1,1,152684,"2012",6.54947473212648e-06
"71","09","A206",63,45,152684,"2012",0.000412616908123968
"72","09","A208",36,53,152684,"2012",0.000235781090356553
"73","10","A104",28,26,306581,"2012",9.13298606241091e-05
"74","10","A105",0,0,306581,"2012",0
"75","10","A106",1,1,306581,"2012",3.26178073657533e-06
"76","10","A107",1,1,306581,"2012",3.26178073657533e-06
"77","10","A108",1,1,306581,"2012",3.26178073657533e-06
"78","10","A109",1,1,306581,"2012",3.26178073657533e-06
"79","10","A206",46,42,306581,"2012",0.000150041913882465
"80","10","A208",25,31,306581,"2012",8.15445184143831e-05
"81","11","A104",34,33,364877,"2012",9.3182086018028e-05
"82","11","A105",0,0,364877,"2012",0
"83","11","A106",2,2,364877,"2012",5.48129917753106e-06
"84","11","A107",2,2,364877,"2012",5.48129917753106e-06
"85","11","A108",2,2,364877,"2012",5.48129917753106e-06
"86","11","A109",2,2,364877,"2012",5.48129917753106e-06
"87","11","A206",119,111,364877,"2012",0.000326137301063098
"88","11","A208",103,110,364877,"2012",0.00028228690764285
"89","12","A104",44,40,277740,"2012",0.000158421545330165
"90","12","A105",0,0,277740,"2012",0
"91","12","A106",1,2,277740,"2012",3.60048966659466e-06
"92","12","A107",2,2,277740,"2012",7.20097933318931e-06
"93","12","A108",2,2,277740,"2012",7.20097933318931e-06
"94","12","A109",1,1,277740,"2012",3.60048966659466e-06
"95","12","A206",80,58,277740,"2012",0.000288039173327573
"96","12","A208",95,112,277740,"2012",0.000342046518326492
"97","13","A104",35,33,1993177.00252119,"2012",1.75599055958042e-05
"98","13","A105",1,1,1993177.00252119,"2012",5.01711588451549e-07
"99","13","A106",3,3,1993177.00252119,"2012",1.50513476535465e-06
"100","13","A107",6,6,1993177.00252119,"2012",3.01026953070929e-06
"101","13","A108",4,4,1993177.00252119,"2012",2.00684635380619e-06
"102","13","A109",4,4,1993177.00252119,"2012",2.00684635380619e-06
"103","13","A206",212,209,1993177.00252119,"2012",0.000106362856751728
"104","13","A208",10,12,1993177.00252119,"2012",5.01711588451549e-06
"105","14","A104",40,35,689945,"2012",5.79756357390807e-05
"106","14","A105",1,1,689945,"2012",1.44939089347702e-06
"107","14","A106",2,2,689945,"2012",2.89878178695403e-06
"108","14","A107",3,3,689945,"2012",4.34817268043105e-06
"109","14","A108",2,2,689945,"2012",2.89878178695403e-06
"110","14","A109",2,2,689945,"2012",2.89878178695403e-06
"111","14","A206",120,103,689945,"2012",0.000173926907217242
"112","14","A208",47,63,689945,"2012",6.81213719934198e-05
"113","15","A104",27,27,147035,"2012",0.000183629748019179
"114","15","A105",0,0,147035,"2012",0
"115","15","A106",1,1,147035,"2012",6.80110177848811e-06
"116","15","A107",2,2,147035,"2012",1.36022035569762e-05
"117","15","A108",1,1,147035,"2012",6.80110177848811e-06
"118","15","A109",1,1,147035,"2012",6.80110177848811e-06
"119","15","A206",43,33,147035,"2012",0.000292447376474989
"120","15","A208",58,71,147035,"2012",0.000394463903152311
"121","16","A104",30,27,353482,"2012",8.48699509451684e-05
"122","16","A105",0,0,353482,"2012",0
"123","16","A106",1,1,353482,"2012",2.82899836483894e-06
"124","16","A107",2,2,353482,"2012",5.65799672967789e-06
"125","16","A108",1,1,353482,"2012",2.82899836483894e-06
"126","16","A109",1,1,353482,"2012",2.82899836483894e-06
"127","16","A206",72,69,353482,"2012",0.000203687882268404
"128","16","A208",95,97,353482,"2012",0.0002687548446597
"129","17","A104",43,39,633417,"2012",6.78857687747566e-05
"130","17","A105",0,0,633417,"2012",0
"131","17","A106",2,2,633417,"2012",3.15747761743054e-06
"132","17","A107",4,4,633417,"2012",6.31495523486108e-06
"133","17","A108",3,3,633417,"2012",4.73621642614581e-06
"134","17","A109",2,2,633417,"2012",3.15747761743054e-06
"135","17","A206",113,102,633417,"2012",0.000178397485384825
"136","17","A208",111,117,633417,"2012",0.000175240007767395
"137","18","A104",27,26,311650,"2012",8.66356489651853e-05
"138","18","A105",1,1,311650,"2012",3.20872773945131e-06
"139","18","A106",1,1,311650,"2012",3.20872773945131e-06
"140","18","A107",2,2,311650,"2012",6.41745547890261e-06
"141","18","A108",1,1,311650,"2012",3.20872773945131e-06
"142","18","A109",1,1,311650,"2012",3.20872773945131e-06
"143","18","A206",68,58,311650,"2012",0.000218193486282689
"144","18","A208",75,90,311650,"2012",0.000240654580458848
"145","19","A104",29,28,240781,"2012",0.000120441396954079
"146","19","A105",0,0,240781,"2012",0
"147","19","A106",1,2,240781,"2012",4.15315161910616e-06
"148","19","A107",2,2,240781,"2012",8.30630323821232e-06
"149","19","A108",2,2,240781,"2012",8.30630323821232e-06
"150","19","A109",1,1,240781,"2012",4.15315161910616e-06
"151","19","A206",82,65,240781,"2012",0.000340558432766705
"152","19","A208",71,88,240781,"2012",0.000294873764956537
"153","21","A104",37,31,529761,"2012",6.9842815911326e-05
"154","21","A105",1,1,529761,"2012",1.88764367327908e-06
"155","21","A106",1,1,529761,"2012",1.88764367327908e-06
"156","21","A107",3,3,529761,"2012",5.66293101983725e-06
"157","21","A108",1,1,529761,"2012",1.88764367327908e-06
"158","21","A109",1,1,529761,"2012",1.88764367327908e-06
"159","21","A206",83,69,529761,"2012",0.000156674424882164
"160","21","A208",76,87,529761,"2012",0.00014346091916921
"161","22","A104",45,38,597085,"2012",7.53661538976863e-05
"162","22","A105",0,0,597085,"2012",0
"163","22","A106",1,2,597085,"2012",1.67480341994858e-06
"164","22","A107",3,3,597085,"2012",5.02441025984575e-06
"165","22","A108",3,3,597085,"2012",5.02441025984575e-06
"166","22","A109",1,1,597085,"2012",1.67480341994858e-06
"167","22","A206",125,117,597085,"2012",0.000209350427493573
"168","22","A208",73,83,597085,"2012",0.000122260649656247
"169","23","A104",25,24,120872,"2012",0.000206830366007016
"170","23","A105",0,0,120872,"2012",0
"171","23","A106",1,1,120872,"2012",8.27321464028063e-06
"172","23","A107",1,1,120872,"2012",8.27321464028063e-06
"173","23","A108",1,1,120872,"2012",8.27321464028063e-06
"174","23","A109",1,1,120872,"2012",8.27321464028063e-06
"175","23","A206",62,55,120872,"2012",0.000512939307697399
"176","23","A208",50,52,120872,"2012",0.000413660732014031
"177","24","A104",49,45,416909,"2012",0.000117531643596085
"178","24","A105",0,0,416909,"2012",0
"179","24","A106",2,2,416909,"2012",4.79720994269733e-06
"180","24","A107",3,3,416909,"2012",7.19581491404599e-06
"181","24","A108",2,2,416909,"2012",4.79720994269733e-06
"182","24","A109",2,2,416909,"2012",4.79720994269733e-06
"183","24","A206",117,94,416909,"2012",0.000280636781647794
"184","24","A208",109,130,416909,"2012",0.000261447941877004
"185","25","A104",36,34,533320,"2012",6.75016875421885e-05
"186","25","A105",1,1,533320,"2012",1.8750468761719e-06
"187","25","A106",2,2,533320,"2012",3.75009375234381e-06
"188","25","A107",3,3,533320,"2012",5.62514062851571e-06
"189","25","A108",2,2,533320,"2012",3.75009375234381e-06
"190","25","A109",1,1,533320,"2012",1.8750468761719e-06
"191","25","A206",91,76,533320,"2012",0.000170629265731643
"192","25","A208",40,50,533320,"2012",7.50018750468762e-05
"193","26","A104",36,35,494712,"2012",7.27696114102751e-05
"194","26","A105",0,0,494712,"2012",0
"195","26","A106",1,1,494712,"2012",2.02137809472986e-06
"196","26","A107",3,3,494712,"2012",6.06413428418959e-06
"197","26","A108",2,2,494712,"2012",4.04275618945973e-06
"198","26","A109",1,1,494712,"2012",2.02137809472986e-06
"199","26","A206",105,84,494712,"2012",0.000212244699946636
"200","26","A208",46,61,494712,"2012",9.29833923575737e-05
"201","27","A104",36,33,595043,"2012",6.0499829424092e-05
"202","27","A105",0,0,595043,"2012",0
"203","27","A106",1,1,595043,"2012",1.68055081733589e-06
"204","27","A107",3,3,595043,"2012",5.04165245200767e-06
"205","27","A108",3,3,595043,"2012",5.04165245200767e-06
"206","27","A109",2,2,595043,"2012",3.36110163467178e-06
"207","27","A206",92,85,595043,"2012",0.000154610675194902
"208","27","A208",34,41,595043,"2012",5.71387277894203e-05
"209","28","A104",26,26,432967,"2012",6.00507659937131e-05
"210","28","A105",0,0,432967,"2012",0
"211","28","A106",1,1,432967,"2012",2.30964484591204e-06
"212","28","A107",2,2,432967,"2012",4.61928969182409e-06
"213","28","A108",3,3,432967,"2012",6.92893453773613e-06
"214","28","A109",1,1,432967,"2012",2.30964484591204e-06
"215","28","A206",57,53,432967,"2012",0.000131649756216987
"216","28","A208",42,47,432967,"2012",9.70050835283058e-05
"217","29","A104",46,45,903921,"2012",5.08894029456114e-05
"218","29","A105",0,0,903921,"2012",0
"219","29","A106",2,2,903921,"2012",2.21258273676571e-06
"220","29","A107",3,3,903921,"2012",3.31887410514857e-06
"221","29","A108",3,3,903921,"2012",3.31887410514857e-06
"222","29","A109",2,2,903921,"2012",2.21258273676571e-06
"223","29","A206",144,128,903921,"2012",0.000159305957047131
"224","29","A208",91,104,903921,"2012",0.00010067251452284
"225","2A","A104",22,18,149234,"2012",0.000147419488856427
"226","2A","A105",0,0,149234,"2012",0
"227","2A","A106",1,1,149234,"2012",6.70088585711031e-06
"228","2A","A107",1,1,149234,"2012",6.70088585711031e-06
"229","2A","A108",1,1,149234,"2012",6.70088585711031e-06
"230","2A","A109",1,1,149234,"2012",6.70088585711031e-06
"231","2A","A206",57,54,149234,"2012",0.000381950493855288
"232","2A","A208",28,32,149234,"2012",0.000187624803999089
"233","2B","A104",23,20,170974,"2012",0.000134523377823529
"234","2B","A105",1,1,170974,"2012",5.84884251406647e-06
"235","2B","A106",1,1,170974,"2012",5.84884251406647e-06
"236","2B","A107",1,1,170974,"2012",5.84884251406647e-06
"237","2B","A108",1,1,170974,"2012",5.84884251406647e-06
"238","2B","A109",1,1,170974,"2012",5.84884251406647e-06
"239","2B","A206",72,67,170974,"2012",0.000421116661012785
"240","2B","A208",30,33,170974,"2012",0.000175465275421994
"241","30","A104",45,43,733201,"2012",6.13747117093403e-05
"242","30","A105",1,1,733201,"2012",1.36388248242978e-06
"243","30","A106",2,2,733201,"2012",2.72776496485957e-06
"244","30","A107",3,3,733201,"2012",4.09164744728935e-06
"245","30","A108",2,2,733201,"2012",2.72776496485957e-06
"246","30","A109",1,1,733201,"2012",1.36388248242978e-06
"247","30","A206",138,128,733201,"2012",0.00018821578257531
"248","30","A208",60,72,733201,"2012",8.1832948945787e-05
"249","31","A104",53,51,1298562,"2012",4.08143777501575e-05
"250","31","A105",1,1,1298562,"2012",7.70082599059575e-07
"251","31","A106",1,2,1298562,"2012",7.70082599059575e-07
"252","31","A107",3,3,1298562,"2012",2.31024779717873e-06
"253","31","A108",2,2,1298562,"2012",1.54016519811915e-06
"254","31","A109",1,1,1298562,"2012",7.70082599059575e-07
"255","31","A206",174,157,1298562,"2012",0.000133994372236366
"256","31","A208",40,54,1298562,"2012",3.0803303962383e-05
"257","32","A104",28,26,190276,"2012",0.000147154659547184
"258","32","A105",0,0,190276,"2012",0
"259","32","A106",1,1,190276,"2012",5.25552355525657e-06
"260","32","A107",2,2,190276,"2012",1.05110471105131e-05
"261","32","A108",1,1,190276,"2012",5.25552355525657e-06
"262","32","A109",1,1,190276,"2012",5.25552355525657e-06
"263","32","A206",52,43,190276,"2012",0.000273287224873342
"264","32","A208",31,35,190276,"2012",0.000162921230212954
"265","33","A104",62,57,1505517,"2012",4.11818664286089e-05
"266","33","A105",1,1,1505517,"2012",6.64223652074337e-07
"267","33","A106",2,2,1505517,"2012",1.32844730414867e-06
"268","33","A107",3,3,1505517,"2012",1.99267095622301e-06
"269","33","A108",2,2,1505517,"2012",1.32844730414867e-06
"270","33","A109",2,2,1505517,"2012",1.32844730414867e-06
"271","33","A206",241,207,1505517,"2012",0.000160077900149915
"272","33","A208",110,126,1505517,"2012",7.30646017281771e-05
"273","34","A104",42,40,1092331,"2012",3.84498837806489e-05
"274","34","A105",1,1,1092331,"2012",9.15473423348784e-07
"275","34","A106",2,2,1092331,"2012",1.83094684669757e-06
"276","34","A107",3,3,1092331,"2012",2.74642027004635e-06
"277","34","A108",3,3,1092331,"2012",2.74642027004635e-06
"278","34","A109",2,2,1092331,"2012",1.83094684669757e-06
"279","34","A206",183,167,1092331,"2012",0.000167531636472827
"280","34","A208",74,91,1092331,"2012",6.774503332781e-05
"281","35","A104",42,37,1019923,"2012",4.11795792427468e-05
"282","35","A105",1,1,1019923,"2012",9.80466172446351e-07
"283","35","A106",2,2,1019923,"2012",1.9609323448927e-06
"284","35","A107",4,4,1019923,"2012",3.92186468978541e-06
"285","35","A108",2,2,1019923,"2012",1.9609323448927e-06
"286","35","A109",2,2,1019923,"2012",1.9609323448927e-06
"287","35","A206",127,115,1019923,"2012",0.000124519203900687
"288","35","A208",79,83,1019923,"2012",7.74568276232618e-05
"289","36","A104",22,22,228091,"2012",9.64527315852006e-05
"290","36","A105",0,0,228091,"2012",0
"291","36","A106",1,1,228091,"2012",4.38421507205458e-06
"292","36","A107",1,1,228091,"2012",4.38421507205458e-06
"293","36","A108",1,1,228091,"2012",4.38421507205458e-06
"294","36","A109",1,1,228091,"2012",4.38421507205458e-06
"295","36","A206",60,49,228091,"2012",0.000263052904323274
"296","36","A208",52,60,228091,"2012",0.000227979183746838
"297","37","A104",30,29,600252,"2012",4.99790088162972e-05
"298","37","A105",0,0,600252,"2012",0
"299","37","A106",1,1,600252,"2012",1.66596696054324e-06
"300","37","A107",1,1,600252,"2012",1.66596696054324e-06
"301","37","A108",1,1,600252,"2012",1.66596696054324e-06
"302","37","A109",1,1,600252,"2012",1.66596696054324e-06
"303","37","A206",109,84,600252,"2012",0.000181590398699213
"304","37","A208",79,91,600252,"2012",0.000131611389882916
"305","38","A104",60,56,1235387,"2012",4.85677767371682e-05
"306","38","A105",1,1,1235387,"2012",8.0946294561947e-07
"307","38","A106",3,3,1235387,"2012",2.42838883685841e-06
"308","38","A107",3,3,1235387,"2012",2.42838883685841e-06
"309","38","A108",3,3,1235387,"2012",2.42838883685841e-06
"310","38","A109",2,2,1235387,"2012",1.61892589123894e-06
"311","38","A206",158,136,1235387,"2012",0.000127895145407876
"312","38","A208",106,117,1235387,"2012",8.58030722356638e-05
"313","39","A104",31,29,260502,"2012",0.000119001005750436
"314","39","A105",0,0,260502,"2012",0
"315","39","A106",1,2,260502,"2012",3.8387421209818e-06
"316","39","A107",3,3,260502,"2012",1.15162263629454e-05
"317","39","A108",2,2,260502,"2012",7.67748424196359e-06
"318","39","A109",1,1,260502,"2012",3.8387421209818e-06
"319","39","A206",46,41,260502,"2012",0.000176582137565163
"320","39","A208",64,63,260502,"2012",0.000245679495742835
"321","40","A104",36,35,397226,"2012",9.06285087078892e-05
"322","40","A105",0,0,397226,"2012",0
"323","40","A106",2,2,397226,"2012",5.03491715043829e-06
"324","40","A107",2,2,397226,"2012",5.03491715043829e-06
"325","40","A108",2,2,397226,"2012",5.03491715043829e-06
"326","40","A109",2,2,397226,"2012",5.03491715043829e-06
"327","40","A206",87,72,397226,"2012",0.000219018896044066
"328","40","A208",62,74,397226,"2012",0.000156082431663587
"329","41","A104",24,23,332001,"2012",7.22889388887383e-05
"330","41","A105",0,0,332001,"2012",0
"331","41","A106",1,1,332001,"2012",3.0120391203641e-06
"332","41","A107",1,1,332001,"2012",3.0120391203641e-06
"333","41","A108",1,1,332001,"2012",3.0120391203641e-06
"334","41","A109",1,1,332001,"2012",3.0120391203641e-06
"335","41","A206",69,59,332001,"2012",0.000207830699305123
"336","41","A208",45,55,332001,"2012",0.000135541760416384
"337","42","A104",31,31,756715,"2012",4.09665461897808e-05
"338","42","A105",0,0,756715,"2012",0
"339","42","A106",2,2,756715,"2012",2.64300297998586e-06
"340","42","A107",3,3,756715,"2012",3.96450446997879e-06
"341","42","A108",3,3,756715,"2012",3.96450446997879e-06
"342","42","A109",2,2,756715,"2012",2.64300297998586e-06
"343","42","A206",115,97,756715,"2012",0.000151972671349187
"344","42","A208",50,63,756715,"2012",6.60750744996465e-05
"345","43","A104",33,29,226203,"2012",0.000145886659328126
"346","43","A105",0,0,226203,"2012",0
"347","43","A106",1,1,226203,"2012",4.42080785842805e-06
"348","43","A107",1,1,226203,"2012",4.42080785842805e-06
"349","43","A108",1,1,226203,"2012",4.42080785842805e-06
"350","43","A109",1,1,226203,"2012",4.42080785842805e-06
"351","43","A206",60,49,226203,"2012",0.000265248471505683
"352","43","A208",41,51,226203,"2012",0.00018125312219555
"353","44","A104",48,45,1328620,"2012",3.61277114600111e-05
"354","44","A105",0,0,1328620,"2012",0
"355","44","A106",2,2,1328620,"2012",1.5053213108338e-06
"356","44","A107",2,2,1328620,"2012",1.5053213108338e-06
"357","44","A108",2,2,1328620,"2012",1.5053213108338e-06
"358","44","A109",2,2,1328620,"2012",1.5053213108338e-06
"359","44","A206",178,169,1328620,"2012",0.000133973596664208
"360","44","A208",44,50,1328620,"2012",3.31170688383435e-05
"361","45","A104",27,27,665587,"2012",4.05656961449067e-05
"362","45","A105",1,1,665587,"2012",1.5024331905521e-06
"363","45","A106",2,2,665587,"2012",3.0048663811042e-06
"364","45","A107",2,2,665587,"2012",3.0048663811042e-06
"365","45","A108",2,2,665587,"2012",3.0048663811042e-06
"366","45","A109",1,1,665587,"2012",1.5024331905521e-06
"367","45","A206",90,74,665587,"2012",0.000135218987149689
"368","45","A208",41,50,665587,"2012",6.15997608126361e-05
"369","46","A104",26,23,173758,"2012",0.000149633398174473
"370","46","A105",0,0,173758,"2012",0
"371","46","A106",1,1,173758,"2012",5.75513069901817e-06
"372","46","A107",2,2,173758,"2012",1.15102613980363e-05
"373","46","A108",1,1,173758,"2012",5.75513069901817e-06
"374","46","A109",1,1,173758,"2012",5.75513069901817e-06
"375","46","A206",48,41,173758,"2012",0.000276246273552872
"376","46","A208",43,53,173758,"2012",0.000247470620057782
"377","47","A104",35,33,333180,"2012",0.000105048322228225
"378","47","A105",1,1,333180,"2012",3.00138063509214e-06
"379","47","A106",1,2,333180,"2012",3.00138063509214e-06
"380","47","A107",3,3,333180,"2012",9.00414190527643e-06
"381","47","A108",2,2,333180,"2012",6.00276127018429e-06
"382","47","A109",1,1,333180,"2012",3.00138063509214e-06
"383","47","A206",71,63,333180,"2012",0.000213098025091542
"384","47","A208",65,72,333180,"2012",0.000195089741280989
"385","48","A104",25,24,76607,"2012",0.00032634093490151
"386","48","A105",0,0,76607,"2012",0
"387","48","A106",1,1,76607,"2012",1.30536373960604e-05
"388","48","A107",1,1,76607,"2012",1.30536373960604e-05
"389","48","A108",1,1,76607,"2012",1.30536373960604e-05
"390","48","A109",1,1,76607,"2012",1.30536373960604e-05
"391","48","A206",42,39,76607,"2012",0.000548252770634537
"392","48","A208",23,26,76607,"2012",0.00030023366010939
"393","49","A104",38,37,800191,"2012",4.74886620819279e-05
"394","49","A105",1,1,800191,"2012",1.24970163373495e-06
"395","49","A106",1,2,800191,"2012",1.24970163373495e-06
"396","49","A107",3,3,800191,"2012",3.74910490120484e-06
"397","49","A108",2,2,800191,"2012",2.49940326746989e-06
"398","49","A109",1,1,800191,"2012",1.24970163373495e-06
"399","49","A206",106,97,800191,"2012",0.000132468373175904
"400","49","A208",89,94,800191,"2012",0.00011122344540241
"401","50","A104",44,43,499919,"2012",8.80142583098462e-05
"402","50","A105",0,0,499919,"2012",0
"403","50","A106",2,2,499919,"2012",4.00064810499301e-06
"404","50","A107",3,3,499919,"2012",6.00097215748951e-06
"405","50","A108",3,3,499919,"2012",6.00097215748951e-06
"406","50","A109",2,2,499919,"2012",4.00064810499301e-06
"407","50","A206",83,75,499919,"2012",0.00016602689635721
"408","50","A208",34,41,499919,"2012",6.80110177848811e-05
"409","51","A104",39,36,569999,"2012",6.8421172668724e-05
"410","51","A105",1,1,569999,"2012",1.75438904278779e-06
"411","51","A106",2,2,569999,"2012",3.50877808557559e-06
"412","51","A107",2,2,569999,"2012",3.50877808557559e-06
"413","51","A108",3,3,569999,"2012",5.26316712836338e-06
"414","51","A109",2,2,569999,"2012",3.50877808557559e-06
"415","51","A206",80,70,569999,"2012",0.000140351123423024
"416","51","A208",50,55,569999,"2012",8.77194521393897e-05
"417","52","A104",27,23,181521,"2012",0.000148743120630671
"418","52","A105",0,0,181521,"2012",0
"419","52","A106",1,1,181521,"2012",5.50900446780262e-06
"420","52","A107",2,2,181521,"2012",1.10180089356052e-05
"421","52","A108",1,1,181521,"2012",5.50900446780262e-06
"422","52","A109",1,1,181521,"2012",5.50900446780262e-06
"423","52","A206",46,30,181521,"2012",0.000253414205518921
"424","52","A208",59,73,181521,"2012",0.000325031263600355
"425","53","A104",24,24,307500,"2012",7.80487804878049e-05
"426","53","A105",0,0,307500,"2012",0
"427","53","A106",1,1,307500,"2012",3.2520325203252e-06
"428","53","A107",1,1,307500,"2012",3.2520325203252e-06
"429","53","A108",1,1,307500,"2012",3.2520325203252e-06
"430","53","A109",1,1,307500,"2012",3.2520325203252e-06
"431","53","A206",42,39,307500,"2012",0.000136585365853659
"432","53","A208",50,50,307500,"2012",0.00016260162601626
"433","54","A104",34,30,731004,"2012",4.65113733987776e-05
"434","54","A105",1,1,731004,"2012",1.36798157055228e-06
"435","54","A106",2,2,731004,"2012",2.73596314110456e-06
"436","54","A107",3,3,731004,"2012",4.10394471165684e-06
"437","54","A108",2,2,731004,"2012",2.73596314110456e-06
"438","54","A109",2,2,731004,"2012",2.73596314110456e-06
"439","54","A206",120,114,731004,"2012",0.000164157788466274
"440","54","A208",49,52,731004,"2012",6.70310969570618e-05
"441","55","A104",25,22,192094,"2012",0.000130144616698075
"442","55","A105",0,0,192094,"2012",0
"443","55","A106",2,2,192094,"2012",1.0411569335846e-05
"444","55","A107",2,2,192094,"2012",1.0411569335846e-05
"445","55","A108",2,2,192094,"2012",1.0411569335846e-05
"446","55","A109",1,1,192094,"2012",5.205784667923e-06
"447","55","A206",47,31,192094,"2012",0.000244671879392381
"448","55","A208",49,65,192094,"2012",0.000255083448728227
"449","56","A104",38,37,737778,"2012",5.15060085825275e-05
"450","56","A105",0,0,737778,"2012",0
"451","56","A106",2,2,737778,"2012",2.71084255697513e-06
"452","56","A107",2,2,737778,"2012",2.71084255697513e-06
"453","56","A108",2,2,737778,"2012",2.71084255697513e-06
"454","56","A109",2,2,737778,"2012",2.71084255697513e-06
"455","56","A206",124,111,737778,"2012",0.000168072238532458
"456","56","A208",64,74,737778,"2012",8.67469618232043e-05
"457","57","A104",46,46,1046873,"2012",4.3940382453268e-05
"458","57","A105",1,1,1046873,"2012",9.55225705505825e-07
"459","57","A106",3,3,1046873,"2012",2.86567711651748e-06
"460","57","A107",5,5,1046873,"2012",4.77612852752913e-06
"461","57","A108",3,3,1046873,"2012",2.86567711651748e-06
"462","57","A109",0,3,1046873,"2012",0
"463","57","A206",128,111,1046873,"2012",0.000122268890304746
"464","57","A208",64,80,1046873,"2012",6.11344451523728e-05
"465","58","A104",28,28,215221,"2012",0.000130098828645904
"466","58","A105",0,0,215221,"2012",0
"467","58","A106",1,1,215221,"2012",4.6463867373537e-06
"468","58","A107",2,2,215221,"2012",9.2927734747074e-06
"469","58","A108",1,1,215221,"2012",4.6463867373537e-06
"470","58","A109",1,1,215221,"2012",4.6463867373537e-06
"471","58","A206",57,46,215221,"2012",0.000264844044029161
"472","58","A208",68,79,215221,"2012",0.000315954298140051
"473","59","A104",54,48,2595536,"2012",2.08049512701808e-05
"474","59","A105",1,1,2595536,"2012",3.85276875373719e-07
"475","59","A106",6,6,2595536,"2012",2.31166125224231e-06
"476","59","A107",10,10,2595536,"2012",3.85276875373719e-06
"477","59","A108",10,10,2595536,"2012",3.85276875373719e-06
"478","59","A109",5,4,2595536,"2012",1.92638437686859e-06
"479","59","A206",334,315,2595536,"2012",0.000128682476374822
"480","59","A208",44,63,2595536,"2012",1.69521825164436e-05
"481","60","A104",45,43,815400,"2012",5.51876379690949e-05
"482","60","A105",0,0,815400,"2012",0
"483","60","A106",3,3,815400,"2012",3.67917586460633e-06
"484","60","A107",3,3,815400,"2012",3.67917586460633e-06
"485","60","A108",3,3,815400,"2012",3.67917586460633e-06
"486","60","A109",2,2,815400,"2012",2.45278390973755e-06
"487","60","A206",128,119,815400,"2012",0.000156978170223203
"488","60","A208",57,67,815400,"2012",6.99043414275202e-05
"489","61","A104",35,29,288848,"2012",0.000121170996510275
"490","61","A105",0,0,288848,"2012",0
"491","61","A106",2,2,288848,"2012",6.9240569434443e-06
"492","61","A107",3,3,288848,"2012",1.03860854151665e-05
"493","61","A108",2,2,288848,"2012",6.9240569434443e-06
"494","61","A109",1,1,288848,"2012",3.46202847172215e-06
"495","61","A206",43,39,288848,"2012",0.000148867224284052
"496","61","A208",37,42,288848,"2012",0.00012809505345372
"497","62","A104",51,46,1465205,"2012",3.48074160271088e-05
"498","62","A105",0,0,1465205,"2012",0
"499","62","A106",4,4,1465205,"2012",2.72999341389089e-06
"500","62","A107",7,7,1465205,"2012",4.77748847430906e-06
"501","62","A108",6,6,1465205,"2012",4.09499012083633e-06
"502","62","A109",2,2,1465205,"2012",1.36499670694544e-06
"503","62","A206",217,191,1465205,"2012",0.000148102142703581
"504","62","A208",37,57,1465205,"2012",2.52524390784907e-05
"505","63","A104",49,47,640999,"2012",7.64431769784352e-05
"506","63","A105",1,1,640999,"2012",1.5600648362946e-06
"507","63","A106",1,1,640999,"2012",1.5600648362946e-06
"508","63","A107",3,3,640999,"2012",4.68019450888379e-06
"509","63","A108",2,2,640999,"2012",3.12012967258919e-06
"510","63","A109",1,1,640999,"2012",1.5600648362946e-06
"511","63","A206",135,119,640999,"2012",0.000210608752899771
"512","63","A208",88,96,640999,"2012",0.000137285705593924
"513","64","A104",42,41,664057,"2012",6.32475826623317e-05
"514","64","A105",1,1,664057,"2012",1.50589482529361e-06
"515","64","A106",2,2,664057,"2012",3.01178965058722e-06
"516","64","A107",3,3,664057,"2012",4.51768447588084e-06
"517","64","A108",2,2,664057,"2012",3.01178965058722e-06
"518","64","A109",2,2,664057,"2012",3.01178965058722e-06
"519","64","A206",108,99,664057,"2012",0.00016263664113171
"520","64","A208",42,52,664057,"2012",6.32475826623317e-05
"521","65","A104",21,19,228868,"2012",9.17559466592097e-05
"522","65","A105",0,0,228868,"2012",0
"523","65","A106",1,1,228868,"2012",4.3693307932957e-06
"524","65","A107",1,1,228868,"2012",4.3693307932957e-06
"525","65","A108",1,1,228868,"2012",4.3693307932957e-06
"526","65","A109",1,1,228868,"2012",4.3693307932957e-06
"527","65","A206",66,47,228868,"2012",0.000288375832357516
"528","65","A208",29,44,228868,"2012",0.000126710593005575
"529","66","A104",33,31,462705,"2012",7.13197393587707e-05
"530","66","A105",0,0,462705,"2012",0
"531","66","A106",1,1,462705,"2012",2.16120422299305e-06
"532","66","A107",1,1,462705,"2012",2.16120422299305e-06
"533","66","A108",1,1,462705,"2012",2.16120422299305e-06
"534","66","A109",1,1,462705,"2012",2.16120422299305e-06
"535","66","A206",105,98,462705,"2012",0.00022692644341427
"536","66","A208",57,63,462705,"2012",0.000123188640710604
"537","67","A104",40,38,1109460,"2012",3.60535756133615e-05
"538","67","A105",0,0,1109460,"2012",0
"539","67","A106",2,2,1109460,"2012",1.80267878066807e-06
"540","67","A107",7,7,1109460,"2012",6.30937573233825e-06
"541","67","A108",4,4,1109460,"2012",3.60535756133615e-06
"542","67","A109",0,2,1109460,"2012",0
"543","67","A206",136,124,1109460,"2012",0.000122582157085429
"544","67","A208",45,51,1109460,"2012",4.05602725650316e-05
"545","68","A104",36,37,758723,"2012",4.74481464249799e-05
"546","68","A105",1,1,758723,"2012",1.31800406736055e-06
"547","68","A106",2,2,758723,"2012",2.6360081347211e-06
"548","68","A107",4,4,758723,"2012",5.27201626944221e-06
"549","68","A108",2,2,758723,"2012",2.6360081347211e-06
"550","68","A109",0,2,758723,"2012",0
"551","68","A206",94,86,758723,"2012",0.000123892382331892
"552","68","A208",37,42,758723,"2012",4.87661504923404e-05
"553","69","A104",35,34,1779845,"2012",1.96646337181047e-05
"554","69","A105",1,1,1779845,"2012",5.61846677660133e-07
"555","69","A106",2,2,1779845,"2012",1.12369335532027e-06
"556","69","A107",3,3,1779845,"2012",1.6855400329804e-06
"557","69","A108",2,2,1779845,"2012",1.12369335532027e-06
"558","69","A109",2,2,1779845,"2012",1.12369335532027e-06
"559","69","A206",190,166,1779845,"2012",0.000106750868755425
"560","69","A208",50,62,1779845,"2012",2.80923338830067e-05
"561","70","A104",27,27,238956,"2012",0.000112991513081906
"562","70","A105",0,0,238956,"2012",0
"563","70","A106",1,1,238956,"2012",4.18487085488542e-06
"564","70","A107",2,2,238956,"2012",8.36974170977084e-06
"565","70","A108",2,2,238956,"2012",8.36974170977084e-06
"566","70","A109",1,1,238956,"2012",4.18487085488542e-06
"567","70","A206",58,43,238956,"2012",0.000242722509583354
"568","70","A208",54,69,238956,"2012",0.000225983026163813
"569","71","A104",48,41,556222,"2012",8.62964787440986e-05
"570","71","A105",0,0,556222,"2012",0
"571","71","A106",2,2,556222,"2012",3.59568661433744e-06
"572","71","A107",3,3,556222,"2012",5.39352992150616e-06
"573","71","A108",2,2,556222,"2012",3.59568661433744e-06
"574","71","A109",2,2,556222,"2012",3.59568661433744e-06
"575","71","A206",109,93,556222,"2012",0.000195964920481391
"576","71","A208",88,97,556222,"2012",0.000158210211030847
"577","72","A104",38,37,569035,"2012",6.67797235670916e-05
"578","72","A105",0,0,569035,"2012",0
"579","72","A106",1,1,569035,"2012",1.75736114650241e-06
"580","72","A107",2,2,569035,"2012",3.51472229300482e-06
"581","72","A108",1,1,569035,"2012",1.75736114650241e-06
"582","72","A109",1,1,569035,"2012",1.75736114650241e-06
"583","72","A206",75,64,569035,"2012",0.000131802085987681
"584","72","A208",107,113,569035,"2012",0.000188037642675758
"585","73","A104",31,29,423715,"2012",7.3162385093754e-05
"586","73","A105",1,1,423715,"2012",2.36007693850819e-06
"587","73","A106",2,2,423715,"2012",4.72015387701639e-06
"588","73","A107",2,2,423715,"2012",4.72015387701639e-06
"589","73","A108",3,3,423715,"2012",7.08023081552459e-06
"590","73","A109",1,1,423715,"2012",2.36007693850819e-06
"591","73","A206",84,74,423715,"2012",0.000198246462834688
"592","73","A208",56,62,423715,"2012",0.000132164308556459
"593","74","A104",38,35,769677,"2012",4.9371359674253e-05
"594","74","A105",0,0,769677,"2012",0
"595","74","A106",3,3,769677,"2012",3.89773892165155e-06
"596","74","A107",4,4,769677,"2012",5.19698522886873e-06
"597","74","A108",3,3,769677,"2012",3.89773892165155e-06
"598","74","A109",2,2,769677,"2012",2.59849261443437e-06
"599","74","A206",109,101,769677,"2012",0.000141617847486673
"600","74","A208",37,46,769677,"2012",4.80721133670358e-05
"601","75","A104",1,0,2229621,"2012",4.48506719303415e-07
"602","75","A105",1,1,2229621,"2012",4.48506719303415e-07
"603","75","A106",1,1,2229621,"2012",4.48506719303415e-07
"604","75","A107",20,20,2229621,"2012",8.97013438606831e-06
"605","75","A108",1,1,2229621,"2012",4.48506719303415e-07
"606","75","A109",1,1,2229621,"2012",4.48506719303415e-07
"607","75","A206",188,173,2229621,"2012",8.43192632290421e-05
"608","75","A208",0,0,2229621,"2012",0
"609","76","A104",49,43,1254609,"2012",3.9055992743556e-05
"610","76","A105",1,1,1254609,"2012",7.97061076399101e-07
"611","76","A106",3,3,1254609,"2012",2.3911832291973e-06
"612","76","A107",3,3,1254609,"2012",2.3911832291973e-06
"613","76","A108",3,3,1254609,"2012",2.3911832291973e-06
"614","76","A109",3,3,1254609,"2012",2.3911832291973e-06
"615","76","A206",155,144,1254609,"2012",0.000123544466841861
"616","76","A208",62,67,1254609,"2012",4.94177867367443e-05
"617","77","A104",32,29,1365200,"2012",2.34397890418986e-05
"618","77","A105",0,0,1365200,"2012",0
"619","77","A106",3,3,1365200,"2012",2.197480222678e-06
"620","77","A107",4,4,1365200,"2012",2.92997363023733e-06
"621","77","A108",3,3,1365200,"2012",2.197480222678e-06
"622","77","A109",2,2,1365200,"2012",1.46498681511866e-06
"623","77","A206",182,177,1365200,"2012",0.000133313800175798
"624","77","A208",42,55,1365200,"2012",3.07647231174919e-05
"625","78","A104",22,20,1418484,"2012",1.55095157929169e-05
"626","78","A105",1,1,1418484,"2012",7.04977990587134e-07
"627","78","A106",1,1,1418484,"2012",7.04977990587134e-07
"628","78","A107",5,5,1418484,"2012",3.52488995293567e-06
"629","78","A108",5,5,1418484,"2012",3.52488995293567e-06
"630","78","A109",1,1,1418484,"2012",7.04977990587134e-07
"631","78","A206",137,123,1418484,"2012",9.65819847104373e-05
"632","78","A208",35,42,1418484,"2012",2.46742296705497e-05
"633","79","A104",29,27,371632,"2012",7.80341843544151e-05
"634","79","A105",0,0,371632,"2012",0
"635","79","A106",1,1,371632,"2012",2.69083394325569e-06
"636","79","A107",2,2,371632,"2012",5.38166788651139e-06
"637","79","A108",2,2,371632,"2012",5.38166788651139e-06
"638","79","A109",1,1,371632,"2012",2.69083394325569e-06
"639","79","A206",53,49,371632,"2012",0.000142614198992552
"640","79","A208",42,47,371632,"2012",0.000113015025616739
"641","80","A104",38,37,571675,"2012",6.64713342371102e-05
"642","80","A105",1,1,571675,"2012",1.74924563781869e-06
"643","80","A106",1,1,571675,"2012",1.74924563781869e-06
"644","80","A107",3,3,571675,"2012",5.24773691345607e-06
"645","80","A108",3,3,571675,"2012",5.24773691345607e-06
"646","80","A109",1,1,571675,"2012",1.74924563781869e-06
"647","80","A206",96,83,571675,"2012",0.000167927581230594
"648","80","A208",59,71,571675,"2012",0.000103205492631303
"649","81","A104",34,31,381927,"2012",8.90222477070225e-05
"650","81","A105",0,0,381927,"2012",0
"651","81","A106",2,2,381927,"2012",5.23660280629544e-06
"652","81","A107",2,2,381927,"2012",5.23660280629544e-06
"653","81","A108",2,2,381927,"2012",5.23660280629544e-06
"654","81","A109",2,2,381927,"2012",5.23660280629544e-06
"655","81","A206",70,56,381927,"2012",0.000183281098220341
"656","81","A208",31,44,381927,"2012",8.11673434975794e-05
"657","82","A104",23,21,250342,"2012",9.18743159357998e-05
"658","82","A105",0,0,250342,"2012",0
"659","82","A106",1,1,250342,"2012",3.99453547546956e-06
"660","82","A107",2,2,250342,"2012",7.98907095093911e-06
"661","82","A108",1,1,250342,"2012",3.99453547546956e-06
"662","82","A109",1,1,250342,"2012",3.99453547546956e-06
"663","82","A206",66,51,250342,"2012",0.000263639341380991
"664","82","A208",30,42,250342,"2012",0.000119836064264087
"665","83","A104",32,32,1028583,"2012",3.11107611150486e-05
"666","83","A105",0,0,1028583,"2012",0
"667","83","A106",2,2,1028583,"2012",1.94442256969054e-06
"668","83","A107",4,4,1028583,"2012",3.88884513938107e-06
"669","83","A108",3,3,1028583,"2012",2.9166338545358e-06
"670","83","A109",3,3,1028583,"2012",2.9166338545358e-06
"671","83","A206",165,157,1028583,"2012",0.000160414861999469
"672","83","A208",21,22,1028583,"2012",2.04164369817506e-05
"673","84","A104",25,23,549949,"2012",4.54587607214487e-05
"674","84","A105",0,0,549949,"2012",0
"675","84","A106",2,2,549949,"2012",3.6367008577159e-06
"676","84","A107",4,4,549949,"2012",7.27340171543179e-06
"677","84","A108",2,2,549949,"2012",3.6367008577159e-06
"678","84","A109",1,1,549949,"2012",1.81835042885795e-06
"679","84","A206",107,101,549949,"2012",0.0001945634958878
"680","84","A208",21,25,549949,"2012",3.81853590060169e-05
"681","85","A104",31,30,655506,"2012",4.72917105259143e-05
"682","85","A105",0,0,655506,"2012",0
"683","85","A106",2,2,655506,"2012",3.05107809844609e-06
"684","85","A107",3,3,655506,"2012",4.57661714766913e-06
"685","85","A108",2,2,655506,"2012",3.05107809844609e-06
"686","85","A109",1,1,655506,"2012",1.52553904922304e-06
"687","85","A206",95,78,655506,"2012",0.000144926209676189
"688","85","A208",75,84,655506,"2012",0.000114415428691728
"689","86","A104",31,26,431248,"2012",7.18843913479019e-05
"690","86","A105",1,1,431248,"2012",2.31885133380329e-06
"691","86","A106",1,1,431248,"2012",2.31885133380329e-06
"692","86","A107",2,2,431248,"2012",4.63770266760658e-06
"693","86","A108",1,1,431248,"2012",2.31885133380329e-06
"694","86","A109",1,1,431248,"2012",2.31885133380329e-06
"695","86","A206",92,79,431248,"2012",0.000213334322709902
"696","86","A208",71,80,431248,"2012",0.000164638444700033
"697","87","A104",26,24,375856,"2012",6.91754288876591e-05
"698","87","A105",1,1,375856,"2012",2.66059341875612e-06
"699","87","A106",1,1,375856,"2012",2.66059341875612e-06
"700","87","A107",1,1,375856,"2012",2.66059341875612e-06
"701","87","A108",1,1,375856,"2012",2.66059341875612e-06
"702","87","A109",1,1,375856,"2012",2.66059341875612e-06
"703","87","A206",80,67,375856,"2012",0.00021284747350049
"704","87","A208",63,76,375856,"2012",0.000167617385381636
"705","88","A104",33,30,375226,"2012",8.79469972763081e-05
"706","88","A105",0,0,375226,"2012",0
"707","88","A106",1,1,375226,"2012",2.66506052352449e-06
"708","88","A107",2,2,375226,"2012",5.33012104704898e-06
"709","88","A108",2,2,375226,"2012",5.33012104704898e-06
"710","88","A109",1,1,375226,"2012",2.66506052352449e-06
"711","88","A206",79,66,375226,"2012",0.000210539781358435
"712","88","A208",36,54,375226,"2012",9.59421788468816e-05
"713","89","A104",37,33,341483,"2012",0.000108350928157478
"714","89","A105",0,0,341483,"2012",0
"715","89","A106",2,2,341483,"2012",5.85680692743123e-06
"716","89","A107",2,2,341483,"2012",5.85680692743123e-06
"717","89","A108",2,2,341483,"2012",5.85680692743123e-06
"718","89","A109",2,2,341483,"2012",5.85680692743123e-06
"719","89","A206",57,52,341483,"2012",0.00016691899743179
"720","89","A208",94,102,341483,"2012",0.000275269925589268
"721","90","A104",8,8,144318,"2012",5.54331407031694e-05
"722","90","A105",0,0,144318,"2012",0
"723","90","A106",1,1,144318,"2012",6.92914258789618e-06
"724","90","A107",1,1,144318,"2012",6.92914258789618e-06
"725","90","A108",1,1,144318,"2012",6.92914258789618e-06
"726","90","A109",1,1,144318,"2012",6.92914258789618e-06
"727","90","A206",24,19,144318,"2012",0.000166299422109508
"728","90","A208",5,7,144318,"2012",3.46457129394809e-05
"729","91","A104",26,25,1253931,"2012",2.07347932222746e-05
"730","91","A105",0,0,1253931,"2012",0
"731","91","A106",1,1,1253931,"2012",7.97492047010561e-07
"732","91","A107",5,5,1253931,"2012",3.98746023505281e-06
"733","91","A108",2,2,1253931,"2012",1.59498409402112e-06
"734","91","A109",1,1,1253931,"2012",7.97492047010561e-07
"735","91","A206",116,108,1253931,"2012",9.25090774532251e-05
"736","91","A208",25,28,1253931,"2012",1.9937301175264e-05
"737","92","A104",1,0,1591403,"2012",6.28376344646831e-07
"738","92","A105",0,0,1591403,"2012",0
"739","92","A106",1,1,1591403,"2012",6.28376344646831e-07
"740","92","A107",7,7,1591403,"2012",4.39863441252781e-06
"741","92","A108",2,2,1591403,"2012",1.25675268929366e-06
"742","92","A109",1,1,1591403,"2012",6.28376344646831e-07
"743","92","A206",101,100,1591403,"2012",6.34660108093299e-05
"744","92","A208",3,3,1591403,"2012",1.88512903394049e-06
"745","93","A104",1,0,1552482,"2012",6.44129851425008e-07
"746","93","A105",0,0,1552482,"2012",0
"747","93","A106",1,1,1552482,"2012",6.44129851425008e-07
"748","93","A107",8,8,1552482,"2012",5.15303881140007e-06
"749","93","A108",1,1,1552482,"2012",6.44129851425008e-07
"750","93","A109",1,1,1552482,"2012",6.44129851425008e-07
"751","93","A206",96,94,1552482,"2012",6.18364657368008e-05
"752","93","A208",3,4,1552482,"2012",1.93238955427503e-06
"753","94","A104",1,0,1354005,"2012",7.38549709934601e-07
"754","94","A105",0,0,1354005,"2012",0
"755","94","A106",1,1,1354005,"2012",7.38549709934601e-07
"756","94","A107",6,6,1354005,"2012",4.43129825960761e-06
"757","94","A108",2,2,1354005,"2012",1.4770994198692e-06
"758","94","A109",1,1,1354005,"2012",7.38549709934601e-07
"759","94","A206",98,95,1354005,"2012",7.23778715735909e-05
"760","94","A208",5,5,1354005,"2012",3.69274854967301e-06
"761","95","A104",20,17,1194681,"2012",1.67408705754925e-05
"762","95","A105",0,0,1194681,"2012",0
"763","95","A106",1,1,1194681,"2012",8.37043528774627e-07
"764","95","A107",4,4,1194681,"2012",3.34817411509851e-06
"765","95","A108",3,3,1194681,"2012",2.51113058632388e-06
"766","95","A109",1,1,1194681,"2012",8.37043528774627e-07
"767","95","A206",128,117,1194681,"2012",0.000107141571683152
"768","95","A208",12,20,1194681,"2012",1.00445223452955e-05
"769","01","A104",47,42,619497,"2017",6.77969384839636e-05
"770","01","A105",0,0,619497,"2017",0
"771","01","A106",1,1,619497,"2017",1.61421282104675e-06
"772","01","A107",4,4,619497,"2017",6.45685128418701e-06
"773","01","A108",3,3,619497,"2017",4.84263846314026e-06
"774","01","A109",1,1,619497,"2017",1.61421282104675e-06
"775","01","A206",93,77,619497,"2017",0.0001242943872206
"776","01","A208",45,52,619497,"2017",8.39390666944311e-05
"777","02","A104",40,37,540067,"2017",6.85100182014454e-05
"778","02","A105",0,0,540067,"2017",0
"779","02","A106",3,3,540067,"2017",5.55486634065773e-06
"780","02","A107",3,3,540067,"2017",5.55486634065773e-06
"781","02","A108",3,3,540067,"2017",5.55486634065773e-06
"782","02","A109",2,2,540067,"2017",3.70324422710516e-06
"783","02","A206",95,87,540067,"2017",0.000161091123879074
"784","02","A208",68,76,540067,"2017",0.000140723280629996
"785","03","A104",29,26,343431,"2017",7.57066193791475e-05
"786","03","A105",0,0,343431,"2017",0
"787","03","A106",3,3,343431,"2017",8.7353791591324e-06
"788","03","A107",3,3,343431,"2017",8.7353791591324e-06
"789","03","A108",3,3,343431,"2017",8.7353791591324e-06
"790","03","A109",2,2,343431,"2017",5.82358610608827e-06
"791","03","A206",94,68,343431,"2017",0.000198001927607001
"792","03","A208",69,87,343431,"2017",0.00025332599561484
"793","04","A104",29,28,161916,"2017",0.000172929173151511
"794","04","A105",0,0,161916,"2017",0
"795","04","A106",1,1,161916,"2017",6.17604189826824e-06
"796","04","A107",2,2,161916,"2017",1.23520837965365e-05
"797","04","A108",1,1,161916,"2017",6.17604189826824e-06
"798","04","A109",1,1,161916,"2017",6.17604189826824e-06
"799","04","A206",54,51,161916,"2017",0.00031497813681168
"800","04","A208",41,43,161916,"2017",0.000265569801625534
"801","05","A104",22,20,139279,"2017",0.000143596665685423
"802","05","A105",0,0,139279,"2017",0
"803","05","A106",1,1,139279,"2017",7.17983328427114e-06
"804","05","A107",1,1,139279,"2017",7.17983328427114e-06
"805","05","A108",1,1,139279,"2017",7.17983328427114e-06
"806","05","A109",1,1,139279,"2017",7.17983328427114e-06
"807","05","A206",45,38,139279,"2017",0.000272833664802303
"808","05","A208",44,51,139279,"2017",0.000366171497497828
"809","06","A104",40,38,1080771,"2017",3.51600847913203e-05
"810","06","A105",0,0,1080771,"2017",0
"811","06","A106",2,2,1080771,"2017",1.85053077849054e-06
"812","06","A107",6,6,1080771,"2017",5.55159233547162e-06
"813","06","A108",3,3,1080771,"2017",2.77579616773581e-06
"814","06","A109",4,4,1080771,"2017",3.70106155698108e-06
"815","06","A206",138,127,1080771,"2017",0.000117508704434149
"816","06","A208",62,66,1080771,"2017",6.10675156901878e-05
"817","07","A104",35,31,320379,"2017",9.67603994019583e-05
"818","07","A105",0,0,320379,"2017",0
"819","07","A106",1,1,320379,"2017",3.12130320651478e-06
"820","07","A107",3,3,320379,"2017",9.36390961954435e-06
"821","07","A108",2,2,320379,"2017",6.24260641302957e-06
"822","07","A109",1,1,320379,"2017",3.12130320651478e-06
"823","07","A206",74,65,320379,"2017",0.000202884708423461
"824","07","A208",92,95,320379,"2017",0.000296523804618904
"825","08","A104",35,31,280907,"2017",0.000110356808481099
"826","08","A105",0,0,280907,"2017",0
"827","08","A106",1,1,280907,"2017",3.55989704777738e-06
"828","08","A107",2,2,280907,"2017",7.11979409555476e-06
"829","08","A108",1,1,280907,"2017",3.55989704777738e-06
"830","08","A109",1,1,280907,"2017",3.55989704777738e-06
"831","08","A206",58,51,280907,"2017",0.000181554749436646
"832","08","A208",32,35,280907,"2017",0.000124596396672208
"833","09","A104",20,19,152684,"2017",0.000124440019910403
"834","09","A105",0,0,152684,"2017",0
"835","09","A106",1,1,152684,"2017",6.54947473212648e-06
"836","09","A107",2,2,152684,"2017",1.3098949464253e-05
"837","09","A108",1,1,152684,"2017",6.54947473212648e-06
"838","09","A109",1,1,152684,"2017",6.54947473212648e-06
"839","09","A206",63,45,152684,"2017",0.000294726362945692
"840","09","A208",36,53,152684,"2017",0.000347122160802704
"841","10","A104",28,26,306581,"2017",8.48062991509585e-05
"842","10","A105",0,0,306581,"2017",0
"843","10","A106",1,1,306581,"2017",3.26178073657533e-06
"844","10","A107",1,1,306581,"2017",3.26178073657533e-06
"845","10","A108",1,1,306581,"2017",3.26178073657533e-06
"846","10","A109",1,1,306581,"2017",3.26178073657533e-06
"847","10","A206",46,42,306581,"2017",0.000136994790936164
"848","10","A208",25,31,306581,"2017",0.000101115202833835
"849","11","A104",34,33,364877,"2017",9.04414364292625e-05
"850","11","A105",0,0,364877,"2017",0
"851","11","A106",2,2,364877,"2017",5.48129917753106e-06
"852","11","A107",2,2,364877,"2017",5.48129917753106e-06
"853","11","A108",2,2,364877,"2017",5.48129917753106e-06
"854","11","A109",2,2,364877,"2017",5.48129917753106e-06
"855","11","A206",119,111,364877,"2017",0.000304212104352974
"856","11","A208",103,110,364877,"2017",0.000301471454764208
"857","12","A104",44,40,277740,"2017",0.000144019586663786
"858","12","A105",0,0,277740,"2017",0
"859","12","A106",1,2,277740,"2017",7.20097933318931e-06
"860","12","A107",2,2,277740,"2017",7.20097933318931e-06
"861","12","A108",2,2,277740,"2017",7.20097933318931e-06
"862","12","A109",1,1,277740,"2017",3.60048966659466e-06
"863","12","A206",80,58,277740,"2017",0.00020882840066249
"864","12","A208",95,112,277740,"2017",0.000403254842658602
"865","13","A104",35,33,1993177.00252119,"2017",1.65564824189011e-05
"866","13","A105",1,1,1993177.00252119,"2017",5.01711588451549e-07
"867","13","A106",3,3,1993177.00252119,"2017",1.50513476535465e-06
"868","13","A107",6,6,1993177.00252119,"2017",3.01026953070929e-06
"869","13","A108",4,4,1993177.00252119,"2017",2.00684635380619e-06
"870","13","A109",4,4,1993177.00252119,"2017",2.00684635380619e-06
"871","13","A206",212,209,1993177.00252119,"2017",0.000104857721986374
"872","13","A208",10,12,1993177.00252119,"2017",6.02053906141858e-06
"873","14","A104",40,35,689945,"2017",5.07286812716956e-05
"874","14","A105",1,1,689945,"2017",1.44939089347702e-06
"875","14","A106",2,2,689945,"2017",2.89878178695403e-06
"876","14","A107",3,3,689945,"2017",4.34817268043105e-06
"877","14","A108",2,2,689945,"2017",2.89878178695403e-06
"878","14","A109",2,2,689945,"2017",2.89878178695403e-06
"879","14","A206",120,103,689945,"2017",0.000149287262028133
"880","14","A208",47,63,689945,"2017",9.1311626289052e-05
"881","15","A104",27,27,147035,"2017",0.000183629748019179
"882","15","A105",0,0,147035,"2017",0
"883","15","A106",1,1,147035,"2017",6.80110177848811e-06
"884","15","A107",2,2,147035,"2017",1.36022035569762e-05
"885","15","A108",1,1,147035,"2017",6.80110177848811e-06
"886","15","A109",1,1,147035,"2017",6.80110177848811e-06
"887","15","A206",43,33,147035,"2017",0.000224436358690108
"888","15","A208",58,71,147035,"2017",0.000482878226272656
"889","16","A104",30,27,353482,"2017",7.63829558506515e-05
"890","16","A105",0,0,353482,"2017",0
"891","16","A106",1,1,353482,"2017",2.82899836483894e-06
"892","16","A107",2,2,353482,"2017",5.65799672967789e-06
"893","16","A108",1,1,353482,"2017",2.82899836483894e-06
"894","16","A109",1,1,353482,"2017",2.82899836483894e-06
"895","16","A206",72,69,353482,"2017",0.000195200887173887
"896","16","A208",95,97,353482,"2017",0.000274412841389378
"897","17","A104",43,39,633417,"2017",6.15708135398955e-05
"898","17","A105",0,0,633417,"2017",0
"899","17","A106",2,2,633417,"2017",3.15747761743054e-06
"900","17","A107",4,4,633417,"2017",6.31495523486108e-06
"901","17","A108",3,3,633417,"2017",4.73621642614581e-06
"902","17","A109",2,2,633417,"2017",3.15747761743054e-06
"903","17","A206",113,102,633417,"2017",0.000161031358488958
"904","17","A208",111,117,633417,"2017",0.000184712440619687
"905","18","A104",27,26,311650,"2017",8.3426921225734e-05
"906","18","A105",1,1,311650,"2017",3.20872773945131e-06
"907","18","A106",1,1,311650,"2017",3.20872773945131e-06
"908","18","A107",2,2,311650,"2017",6.41745547890261e-06
"909","18","A108",1,1,311650,"2017",3.20872773945131e-06
"910","18","A109",1,1,311650,"2017",3.20872773945131e-06
"911","18","A206",68,58,311650,"2017",0.000186106208888176
"912","18","A208",75,90,311650,"2017",0.000288785496550618
"913","19","A104",29,28,240781,"2017",0.000116288245334972
"914","19","A105",0,0,240781,"2017",0
"915","19","A106",1,2,240781,"2017",8.30630323821232e-06
"916","19","A107",2,2,240781,"2017",8.30630323821232e-06
"917","19","A108",2,2,240781,"2017",8.30630323821232e-06
"918","19","A109",1,1,240781,"2017",4.15315161910616e-06
"919","19","A206",82,65,240781,"2017",0.0002699548552419
"920","19","A208",71,88,240781,"2017",0.000365477342481342
"921","21","A104",37,31,529761,"2017",5.85169538716515e-05
"922","21","A105",1,1,529761,"2017",1.88764367327908e-06
"923","21","A106",1,1,529761,"2017",1.88764367327908e-06
"924","21","A107",3,3,529761,"2017",5.66293101983725e-06
"925","21","A108",1,1,529761,"2017",1.88764367327908e-06
"926","21","A109",1,1,529761,"2017",1.88764367327908e-06
"927","21","A206",83,69,529761,"2017",0.000130247413456257
"928","21","A208",76,87,529761,"2017",0.00016422499957528
"929","22","A104",45,38,597085,"2017",6.36425299580462e-05
"930","22","A105",0,0,597085,"2017",0
"931","22","A106",1,2,597085,"2017",3.34960683989717e-06
"932","22","A107",3,3,597085,"2017",5.02441025984575e-06
"933","22","A108",3,3,597085,"2017",5.02441025984575e-06
"934","22","A109",1,1,597085,"2017",1.67480341994858e-06
"935","22","A206",125,117,597085,"2017",0.000195952000133984
"936","22","A208",73,83,597085,"2017",0.000139008683855732
"937","23","A104",25,24,120872,"2017",0.000198557151366735
"938","23","A105",0,0,120872,"2017",0
"939","23","A106",1,1,120872,"2017",8.27321464028063e-06
"940","23","A107",1,1,120872,"2017",8.27321464028063e-06
"941","23","A108",1,1,120872,"2017",8.27321464028063e-06
"942","23","A109",1,1,120872,"2017",8.27321464028063e-06
"943","23","A206",62,55,120872,"2017",0.000455026805215435
"944","23","A208",50,52,120872,"2017",0.000430207161294593
"945","24","A104",49,45,416909,"2017",0.00010793722371069
"946","24","A105",0,0,416909,"2017",0
"947","24","A106",2,2,416909,"2017",4.79720994269733e-06
"948","24","A107",3,3,416909,"2017",7.19581491404599e-06
"949","24","A108",2,2,416909,"2017",4.79720994269733e-06
"950","24","A109",2,2,416909,"2017",4.79720994269733e-06
"951","24","A206",117,94,416909,"2017",0.000225468867306774
"952","24","A208",109,130,416909,"2017",0.000311818646275326
"953","25","A104",36,34,533320,"2017",6.37515937898447e-05
"954","25","A105",1,1,533320,"2017",1.8750468761719e-06
"955","25","A106",2,2,533320,"2017",3.75009375234381e-06
"956","25","A107",3,3,533320,"2017",5.62514062851571e-06
"957","25","A108",2,2,533320,"2017",3.75009375234381e-06
"958","25","A109",1,1,533320,"2017",1.8750468761719e-06
"959","25","A206",91,76,533320,"2017",0.000142503562589065
"960","25","A208",40,50,533320,"2017",9.37523438085952e-05
"961","26","A104",36,35,494712,"2017",7.07482333155452e-05
"962","26","A105",0,0,494712,"2017",0
"963","26","A106",1,1,494712,"2017",2.02137809472986e-06
"964","26","A107",3,3,494712,"2017",6.06413428418959e-06
"965","26","A108",2,2,494712,"2017",4.04275618945973e-06
"966","26","A109",1,1,494712,"2017",2.02137809472986e-06
"967","26","A206",105,84,494712,"2017",0.000169795759957309
"968","26","A208",46,61,494712,"2017",0.000123304063778522
"969","27","A104",36,33,595043,"2017",5.54581769720844e-05
"970","27","A105",0,0,595043,"2017",0
"971","27","A106",1,1,595043,"2017",1.68055081733589e-06
"972","27","A107",3,3,595043,"2017",5.04165245200767e-06
"973","27","A108",3,3,595043,"2017",5.04165245200767e-06
"974","27","A109",2,2,595043,"2017",3.36110163467178e-06
"975","27","A206",92,85,595043,"2017",0.000142846819473551
"976","27","A208",34,41,595043,"2017",6.89025835107715e-05
"977","28","A104",26,26,432967,"2017",6.00507659937131e-05
"978","28","A105",0,0,432967,"2017",0
"979","28","A106",1,1,432967,"2017",2.30964484591204e-06
"980","28","A107",2,2,432967,"2017",4.61928969182409e-06
"981","28","A108",3,3,432967,"2017",6.92893453773613e-06
"982","28","A109",1,1,432967,"2017",2.30964484591204e-06
"983","28","A206",57,53,432967,"2017",0.000122411176833338
"984","28","A208",42,47,432967,"2017",0.000108553307757866
"985","29","A104",46,45,903921,"2017",4.97831115772285e-05
"986","29","A105",0,0,903921,"2017",0
"987","29","A106",2,2,903921,"2017",2.21258273676571e-06
"988","29","A107",3,3,903921,"2017",3.31887410514857e-06
"989","29","A108",3,3,903921,"2017",3.31887410514857e-06
"990","29","A109",2,2,903921,"2017",2.21258273676571e-06
"991","29","A206",144,128,903921,"2017",0.000141605295153006
"992","29","A208",91,104,903921,"2017",0.000115054302311817
"993","2A","A104",22,18,149234,"2017",0.000120615945427986
"994","2A","A105",0,0,149234,"2017",0
"995","2A","A106",1,1,149234,"2017",6.70088585711031e-06
"996","2A","A107",1,1,149234,"2017",6.70088585711031e-06
"997","2A","A108",1,1,149234,"2017",6.70088585711031e-06
"998","2A","A109",1,1,149234,"2017",6.70088585711031e-06
"999","2A","A206",57,54,149234,"2017",0.000361847836283957
"1000","2A","A208",28,32,149234,"2017",0.00021442834742753
"1001","2B","A104",23,20,170974,"2017",0.000116976850281329
"1002","2B","A105",1,1,170974,"2017",5.84884251406647e-06
"1003","2B","A106",1,1,170974,"2017",5.84884251406647e-06
"1004","2B","A107",1,1,170974,"2017",5.84884251406647e-06
"1005","2B","A108",1,1,170974,"2017",5.84884251406647e-06
"1006","2B","A109",1,1,170974,"2017",5.84884251406647e-06
"1007","2B","A206",72,67,170974,"2017",0.000391872448442453
"1008","2B","A208",30,33,170974,"2017",0.000193011802964193
"1009","30","A104",45,43,733201,"2017",5.86469467444807e-05
"1010","30","A105",1,1,733201,"2017",1.36388248242978e-06
"1011","30","A106",2,2,733201,"2017",2.72776496485957e-06
"1012","30","A107",3,3,733201,"2017",4.09164744728935e-06
"1013","30","A108",2,2,733201,"2017",2.72776496485957e-06
"1014","30","A109",1,1,733201,"2017",1.36388248242978e-06
"1015","30","A206",138,128,733201,"2017",0.000174576957751012
"1016","30","A208",60,72,733201,"2017",9.81995387349444e-05
"1017","31","A104",53,51,1298562,"2017",3.92742125520383e-05
"1018","31","A105",1,1,1298562,"2017",7.70082599059575e-07
"1019","31","A106",1,2,1298562,"2017",1.54016519811915e-06
"1020","31","A107",3,3,1298562,"2017",2.31024779717873e-06
"1021","31","A108",2,2,1298562,"2017",1.54016519811915e-06
"1022","31","A109",1,1,1298562,"2017",7.70082599059575e-07
"1023","31","A206",174,157,1298562,"2017",0.000120902968052353
"1024","31","A208",40,54,1298562,"2017",4.15844603492171e-05
"1025","32","A104",28,26,190276,"2017",0.000136643612436671
"1026","32","A105",0,0,190276,"2017",0
"1027","32","A106",1,1,190276,"2017",5.25552355525657e-06
"1028","32","A107",2,2,190276,"2017",1.05110471105131e-05
"1029","32","A108",1,1,190276,"2017",5.25552355525657e-06
"1030","32","A109",1,1,190276,"2017",5.25552355525657e-06
"1031","32","A206",52,43,190276,"2017",0.000225987512876033
"1032","32","A208",31,35,190276,"2017",0.00018394332443398
"1033","33","A104",62,57,1505517,"2017",3.78607481682372e-05
"1034","33","A105",1,1,1505517,"2017",6.64223652074337e-07
"1035","33","A106",2,2,1505517,"2017",1.32844730414867e-06
"1036","33","A107",3,3,1505517,"2017",1.99267095622301e-06
"1037","33","A108",2,2,1505517,"2017",1.32844730414867e-06
"1038","33","A109",2,2,1505517,"2017",1.32844730414867e-06
"1039","33","A206",241,207,1505517,"2017",0.000137494295979388
"1040","33","A208",110,126,1505517,"2017",8.36921801613665e-05
"1041","34","A104",42,40,1092331,"2017",3.66189369339513e-05
"1042","34","A105",1,1,1092331,"2017",9.15473423348784e-07
"1043","34","A106",2,2,1092331,"2017",1.83094684669757e-06
"1044","34","A107",3,3,1092331,"2017",2.74642027004635e-06
"1045","34","A108",3,3,1092331,"2017",2.74642027004635e-06
"1046","34","A109",2,2,1092331,"2017",1.83094684669757e-06
"1047","34","A206",183,167,1092331,"2017",0.000152884061699247
"1048","34","A208",74,91,1092331,"2017",8.33080815247393e-05
"1049","35","A104",42,37,1019923,"2017",3.6277248380515e-05
"1050","35","A105",1,1,1019923,"2017",9.80466172446351e-07
"1051","35","A106",2,2,1019923,"2017",1.9609323448927e-06
"1052","35","A107",4,4,1019923,"2017",3.92186468978541e-06
"1053","35","A108",2,2,1019923,"2017",1.9609323448927e-06
"1054","35","A109",2,2,1019923,"2017",1.9609323448927e-06
"1055","35","A206",127,115,1019923,"2017",0.00011275360983133
"1056","35","A208",79,83,1019923,"2017",8.13786923130472e-05
"1057","36","A104",22,22,228091,"2017",9.64527315852006e-05
"1058","36","A105",0,0,228091,"2017",0
"1059","36","A106",1,1,228091,"2017",4.38421507205458e-06
"1060","36","A107",1,1,228091,"2017",4.38421507205458e-06
"1061","36","A108",1,1,228091,"2017",4.38421507205458e-06
"1062","36","A109",1,1,228091,"2017",4.38421507205458e-06
"1063","36","A206",60,49,228091,"2017",0.000214826538530674
"1064","36","A208",52,60,228091,"2017",0.000263052904323274
"1065","37","A104",30,29,600252,"2017",4.83130418557539e-05
"1066","37","A105",0,0,600252,"2017",0
"1067","37","A106",1,1,600252,"2017",1.66596696054324e-06
"1068","37","A107",1,1,600252,"2017",1.66596696054324e-06
"1069","37","A108",1,1,600252,"2017",1.66596696054324e-06
"1070","37","A109",1,1,600252,"2017",1.66596696054324e-06
"1071","37","A206",109,84,600252,"2017",0.000139941224685632
"1072","37","A208",79,91,600252,"2017",0.000151602993409435
"1073","38","A104",60,56,1235387,"2017",4.53299249546903e-05
"1074","38","A105",1,1,1235387,"2017",8.0946294561947e-07
"1075","38","A106",3,3,1235387,"2017",2.42838883685841e-06
"1076","38","A107",3,3,1235387,"2017",2.42838883685841e-06
"1077","38","A108",3,3,1235387,"2017",2.42838883685841e-06
"1078","38","A109",2,2,1235387,"2017",1.61892589123894e-06
"1079","38","A206",158,136,1235387,"2017",0.000110086960604248
"1080","38","A208",106,117,1235387,"2017",9.4707164637478e-05
"1081","39","A104",31,29,260502,"2017",0.000111323521508472
"1082","39","A105",0,0,260502,"2017",0
"1083","39","A106",1,2,260502,"2017",7.67748424196359e-06
"1084","39","A107",3,3,260502,"2017",1.15162263629454e-05
"1085","39","A108",2,2,260502,"2017",7.67748424196359e-06
"1086","39","A109",1,1,260502,"2017",3.8387421209818e-06
"1087","39","A206",46,41,260502,"2017",0.000157388426960254
"1088","39","A208",64,63,260502,"2017",0.000241840753621853
"1089","40","A104",36,35,397226,"2017",8.81110501326701e-05
"1090","40","A105",0,0,397226,"2017",0
"1091","40","A106",2,2,397226,"2017",5.03491715043829e-06
"1092","40","A107",2,2,397226,"2017",5.03491715043829e-06
"1093","40","A108",2,2,397226,"2017",5.03491715043829e-06
"1094","40","A109",2,2,397226,"2017",5.03491715043829e-06
"1095","40","A206",87,72,397226,"2017",0.000181257017415778
"1096","40","A208",62,74,397226,"2017",0.000186291934566217
"1097","41","A104",24,23,332001,"2017",6.92768997683742e-05
"1098","41","A105",0,0,332001,"2017",0
"1099","41","A106",1,1,332001,"2017",3.0120391203641e-06
"1100","41","A107",1,1,332001,"2017",3.0120391203641e-06
"1101","41","A108",1,1,332001,"2017",3.0120391203641e-06
"1102","41","A109",1,1,332001,"2017",3.0120391203641e-06
"1103","41","A206",69,59,332001,"2017",0.000177710308101482
"1104","41","A208",45,55,332001,"2017",0.000165662151620025
"1105","42","A104",31,31,756715,"2017",4.09665461897808e-05
"1106","42","A105",0,0,756715,"2017",0
"1107","42","A106",2,2,756715,"2017",2.64300297998586e-06
"1108","42","A107",3,3,756715,"2017",3.96450446997879e-06
"1109","42","A108",3,3,756715,"2017",3.96450446997879e-06
"1110","42","A109",2,2,756715,"2017",2.64300297998586e-06
"1111","42","A206",115,97,756715,"2017",0.000128185644529314
"1112","42","A208",50,63,756715,"2017",8.32545938695546e-05
"1113","43","A104",33,29,226203,"2017",0.000128203427894413
"1114","43","A105",0,0,226203,"2017",0
"1115","43","A106",1,1,226203,"2017",4.42080785842805e-06
"1116","43","A107",1,1,226203,"2017",4.42080785842805e-06
"1117","43","A108",1,1,226203,"2017",4.42080785842805e-06
"1118","43","A109",1,1,226203,"2017",4.42080785842805e-06
"1119","43","A206",60,49,226203,"2017",0.000216619585062974
"1120","43","A208",41,51,226203,"2017",0.00022546120077983
"1121","44","A104",48,45,1328620,"2017",3.38697294937604e-05
"1122","44","A105",0,0,1328620,"2017",0
"1123","44","A106",2,2,1328620,"2017",1.5053213108338e-06
"1124","44","A107",2,2,1328620,"2017",1.5053213108338e-06
"1125","44","A108",2,2,1328620,"2017",1.5053213108338e-06
"1126","44","A109",2,2,1328620,"2017",1.5053213108338e-06
"1127","44","A206",178,169,1328620,"2017",0.000127199650765456
"1128","44","A208",44,50,1328620,"2017",3.76330327708449e-05
"1129","45","A104",27,27,665587,"2017",4.05656961449067e-05
"1130","45","A105",1,1,665587,"2017",1.5024331905521e-06
"1131","45","A106",2,2,665587,"2017",3.0048663811042e-06
"1132","45","A107",2,2,665587,"2017",3.0048663811042e-06
"1133","45","A108",2,2,665587,"2017",3.0048663811042e-06
"1134","45","A109",1,1,665587,"2017",1.5024331905521e-06
"1135","45","A206",90,74,665587,"2017",0.000111180056100855
"1136","45","A208",41,50,665587,"2017",7.5121659527605e-05
"1137","46","A104",26,23,173758,"2017",0.000132368006077418
"1138","46","A105",0,0,173758,"2017",0
"1139","46","A106",1,1,173758,"2017",5.75513069901817e-06
"1140","46","A107",2,2,173758,"2017",1.15102613980363e-05
"1141","46","A108",1,1,173758,"2017",5.75513069901817e-06
"1142","46","A109",1,1,173758,"2017",5.75513069901817e-06
"1143","46","A206",48,41,173758,"2017",0.000235960358659745
"1144","46","A208",43,53,173758,"2017",0.000305021927047963
"1145","47","A104",35,33,333180,"2017",9.90455609580407e-05
"1146","47","A105",1,1,333180,"2017",3.00138063509214e-06
"1147","47","A106",1,2,333180,"2017",6.00276127018429e-06
"1148","47","A107",3,3,333180,"2017",9.00414190527643e-06
"1149","47","A108",2,2,333180,"2017",6.00276127018429e-06
"1150","47","A109",1,1,333180,"2017",3.00138063509214e-06
"1151","47","A206",71,63,333180,"2017",0.000189086980010805
"1152","47","A208",65,72,333180,"2017",0.000216099405726634
"1153","48","A104",25,24,76607,"2017",0.00031328729750545
"1154","48","A105",0,0,76607,"2017",0
"1155","48","A106",1,1,76607,"2017",1.30536373960604e-05
"1156","48","A107",1,1,76607,"2017",1.30536373960604e-05
"1157","48","A108",1,1,76607,"2017",1.30536373960604e-05
"1158","48","A109",1,1,76607,"2017",1.30536373960604e-05
"1159","48","A206",42,39,76607,"2017",0.000509091858446356
"1160","48","A208",23,26,76607,"2017",0.000339394572297571
"1161","49","A104",38,37,800191,"2017",4.6238960448193e-05
"1162","49","A105",1,1,800191,"2017",1.24970163373495e-06
"1163","49","A106",1,2,800191,"2017",2.49940326746989e-06
"1164","49","A107",3,3,800191,"2017",3.74910490120484e-06
"1165","49","A108",2,2,800191,"2017",2.49940326746989e-06
"1166","49","A109",1,1,800191,"2017",1.24970163373495e-06
"1167","49","A206",106,97,800191,"2017",0.00012122105847229
"1168","49","A208",89,94,800191,"2017",0.000117471953571085
"1169","50","A104",44,43,499919,"2017",8.60139342573497e-05
"1170","50","A105",0,0,499919,"2017",0
"1171","50","A106",2,2,499919,"2017",4.00064810499301e-06
"1172","50","A107",3,3,499919,"2017",6.00097215748951e-06
"1173","50","A108",3,3,499919,"2017",6.00097215748951e-06
"1174","50","A109",2,2,499919,"2017",4.00064810499301e-06
"1175","50","A206",83,75,499919,"2017",0.000150024303937238
"1176","50","A208",34,41,499919,"2017",8.20132861523567e-05
"1177","51","A104",39,36,569999,"2017",6.31580055403606e-05
"1178","51","A105",1,1,569999,"2017",1.75438904278779e-06
"1179","51","A106",2,2,569999,"2017",3.50877808557559e-06
"1180","51","A107",2,2,569999,"2017",3.50877808557559e-06
"1181","51","A108",3,3,569999,"2017",5.26316712836338e-06
"1182","51","A109",2,2,569999,"2017",3.50877808557559e-06
"1183","51","A206",80,70,569999,"2017",0.000122807232995146
"1184","51","A208",50,55,569999,"2017",9.64913973533287e-05
"1185","52","A104",27,23,181521,"2017",0.00012670710275946
"1186","52","A105",0,0,181521,"2017",0
"1187","52","A106",1,1,181521,"2017",5.50900446780262e-06
"1188","52","A107",2,2,181521,"2017",1.10180089356052e-05
"1189","52","A108",1,1,181521,"2017",5.50900446780262e-06
"1190","52","A109",1,1,181521,"2017",5.50900446780262e-06
"1191","52","A206",46,30,181521,"2017",0.000165270134034079
"1192","52","A208",59,73,181521,"2017",0.000402157326149591
"1193","53","A104",24,24,307500,"2017",7.80487804878049e-05
"1194","53","A105",0,0,307500,"2017",0
"1195","53","A106",1,1,307500,"2017",3.2520325203252e-06
"1196","53","A107",1,1,307500,"2017",3.2520325203252e-06
"1197","53","A108",1,1,307500,"2017",3.2520325203252e-06
"1198","53","A109",1,1,307500,"2017",3.2520325203252e-06
"1199","53","A206",42,39,307500,"2017",0.000126829268292683
"1200","53","A208",50,50,307500,"2017",0.00016260162601626
"1201","54","A104",34,30,731004,"2017",4.10394471165684e-05
"1202","54","A105",1,1,731004,"2017",1.36798157055228e-06
"1203","54","A106",2,2,731004,"2017",2.73596314110456e-06
"1204","54","A107",3,3,731004,"2017",4.10394471165684e-06
"1205","54","A108",2,2,731004,"2017",2.73596314110456e-06
"1206","54","A109",2,2,731004,"2017",2.73596314110456e-06
"1207","54","A206",120,114,731004,"2017",0.00015594989904296
"1208","54","A208",49,52,731004,"2017",7.11350416687186e-05
"1209","55","A104",25,22,192094,"2017",0.000114527262694306
"1210","55","A105",0,0,192094,"2017",0
"1211","55","A106",2,2,192094,"2017",1.0411569335846e-05
"1212","55","A107",2,2,192094,"2017",1.0411569335846e-05
"1213","55","A108",2,2,192094,"2017",1.0411569335846e-05
"1214","55","A109",1,1,192094,"2017",5.205784667923e-06
"1215","55","A206",47,31,192094,"2017",0.000161379324705613
"1216","55","A208",49,65,192094,"2017",0.000338376003414995
"1217","56","A104",38,37,737778,"2017",5.015058730404e-05
"1218","56","A105",0,0,737778,"2017",0
"1219","56","A106",2,2,737778,"2017",2.71084255697513e-06
"1220","56","A107",2,2,737778,"2017",2.71084255697513e-06
"1221","56","A108",2,2,737778,"2017",2.71084255697513e-06
"1222","56","A109",2,2,737778,"2017",2.71084255697513e-06
"1223","56","A206",124,111,737778,"2017",0.00015045176191212
"1224","56","A208",64,74,737778,"2017",0.00010030117460808
"1225","57","A104",46,46,1046873,"2017",4.3940382453268e-05
"1226","57","A105",1,1,1046873,"2017",9.55225705505825e-07
"1227","57","A106",3,3,1046873,"2017",2.86567711651748e-06
"1228","57","A107",5,5,1046873,"2017",4.77612852752913e-06
"1229","57","A108",3,3,1046873,"2017",2.86567711651748e-06
"1230","57","A109",0,3,1046873,"2017",2.86567711651748e-06
"1231","57","A206",128,111,1046873,"2017",0.000106030053311147
"1232","57","A208",64,80,1046873,"2017",7.6418056440466e-05
"1233","58","A104",28,28,215221,"2017",0.000130098828645904
"1234","58","A105",0,0,215221,"2017",0
"1235","58","A106",1,1,215221,"2017",4.6463867373537e-06
"1236","58","A107",2,2,215221,"2017",9.2927734747074e-06
"1237","58","A108",1,1,215221,"2017",4.6463867373537e-06
"1238","58","A109",1,1,215221,"2017",4.6463867373537e-06
"1239","58","A206",57,46,215221,"2017",0.00021373378991827
"1240","58","A208",68,79,215221,"2017",0.000367064552250942
"1241","59","A104",54,48,2595536,"2017",1.84932900179385e-05
"1242","59","A105",1,1,2595536,"2017",3.85276875373719e-07
"1243","59","A106",6,6,2595536,"2017",2.31166125224231e-06
"1244","59","A107",10,10,2595536,"2017",3.85276875373719e-06
"1245","59","A108",10,10,2595536,"2017",3.85276875373719e-06
"1246","59","A109",5,4,2595536,"2017",1.54110750149487e-06
"1247","59","A206",334,315,2595536,"2017",0.000121362215742721
"1248","59","A208",44,63,2595536,"2017",2.42724431485443e-05
"1249","60","A104",45,43,815400,"2017",5.27348540593574e-05
"1250","60","A105",0,0,815400,"2017",0
"1251","60","A106",3,3,815400,"2017",3.67917586460633e-06
"1252","60","A107",3,3,815400,"2017",3.67917586460633e-06
"1253","60","A108",3,3,815400,"2017",3.67917586460633e-06
"1254","60","A109",2,2,815400,"2017",2.45278390973755e-06
"1255","60","A206",128,119,815400,"2017",0.000145940642629384
"1256","60","A208",57,67,815400,"2017",8.2168260976208e-05
"1257","61","A104",35,29,288848,"2017",0.000100398825679942
"1258","61","A105",0,0,288848,"2017",0
"1259","61","A106",2,2,288848,"2017",6.9240569434443e-06
"1260","61","A107",3,3,288848,"2017",1.03860854151665e-05
"1261","61","A108",2,2,288848,"2017",6.9240569434443e-06
"1262","61","A109",1,1,288848,"2017",3.46202847172215e-06
"1263","61","A206",43,39,288848,"2017",0.000135019110397164
"1264","61","A208",37,42,288848,"2017",0.00014540519581233
"1265","62","A104",51,46,1465205,"2017",3.13949242597452e-05
"1266","62","A105",0,0,1465205,"2017",0
"1267","62","A106",4,4,1465205,"2017",2.72999341389089e-06
"1268","62","A107",7,7,1465205,"2017",4.77748847430906e-06
"1269","62","A108",6,6,1465205,"2017",4.09499012083633e-06
"1270","62","A109",2,2,1465205,"2017",1.36499670694544e-06
"1271","62","A206",217,191,1465205,"2017",0.00013035718551329
"1272","62","A208",37,57,1465205,"2017",3.89024061479452e-05
"1273","63","A104",49,47,640999,"2017",7.3323047305846e-05
"1274","63","A105",1,1,640999,"2017",1.5600648362946e-06
"1275","63","A106",1,1,640999,"2017",1.5600648362946e-06
"1276","63","A107",3,3,640999,"2017",4.68019450888379e-06
"1277","63","A108",2,2,640999,"2017",3.12012967258919e-06
"1278","63","A109",1,1,640999,"2017",1.5600648362946e-06
"1279","63","A206",135,119,640999,"2017",0.000185647715519057
"1280","63","A208",88,96,640999,"2017",0.000149766224284281
"1281","64","A104",42,41,664057,"2017",6.17416878370381e-05
"1282","64","A105",1,1,664057,"2017",1.50589482529361e-06
"1283","64","A106",2,2,664057,"2017",3.01178965058722e-06
"1284","64","A107",3,3,664057,"2017",4.51768447588084e-06
"1285","64","A108",2,2,664057,"2017",3.01178965058722e-06
"1286","64","A109",2,2,664057,"2017",3.01178965058722e-06
"1287","64","A206",108,99,664057,"2017",0.000149083587704068
"1288","64","A208",42,52,664057,"2017",7.83065309152678e-05
"1289","65","A104",21,19,228868,"2017",8.30172850726183e-05
"1290","65","A105",0,0,228868,"2017",0
"1291","65","A106",1,1,228868,"2017",4.3693307932957e-06
"1292","65","A107",1,1,228868,"2017",4.3693307932957e-06
"1293","65","A108",1,1,228868,"2017",4.3693307932957e-06
"1294","65","A109",1,1,228868,"2017",4.3693307932957e-06
"1295","65","A206",66,47,228868,"2017",0.000205358547284898
"1296","65","A208",29,44,228868,"2017",0.000192250554905011
"1297","66","A104",33,31,462705,"2017",6.69973309127846e-05
"1298","66","A105",0,0,462705,"2017",0
"1299","66","A106",1,1,462705,"2017",2.16120422299305e-06
"1300","66","A107",1,1,462705,"2017",2.16120422299305e-06
"1301","66","A108",1,1,462705,"2017",2.16120422299305e-06
"1302","66","A109",1,1,462705,"2017",2.16120422299305e-06
"1303","66","A206",105,98,462705,"2017",0.000211798013853319
"1304","66","A208",57,63,462705,"2017",0.000136155866048562
"1305","67","A104",40,38,1109460,"2017",3.42508968326934e-05
"1306","67","A105",0,0,1109460,"2017",0
"1307","67","A106",2,2,1109460,"2017",1.80267878066807e-06
"1308","67","A107",7,7,1109460,"2017",6.30937573233825e-06
"1309","67","A108",4,4,1109460,"2017",3.60535756133615e-06
"1310","67","A109",0,2,1109460,"2017",1.80267878066807e-06
"1311","67","A206",136,124,1109460,"2017",0.000111766084401421
"1312","67","A208",45,51,1109460,"2017",4.59683089070359e-05
"1313","68","A104",36,37,758723,"2017",4.87661504923404e-05
"1314","68","A105",1,1,758723,"2017",1.31800406736055e-06
"1315","68","A106",2,2,758723,"2017",2.6360081347211e-06
"1316","68","A107",4,4,758723,"2017",5.27201626944221e-06
"1317","68","A108",2,2,758723,"2017",2.6360081347211e-06
"1318","68","A109",0,2,758723,"2017",2.6360081347211e-06
"1319","68","A206",94,86,758723,"2017",0.000113348349793007
"1320","68","A208",37,42,758723,"2017",5.53561708291432e-05
"1321","69","A104",35,34,1779845,"2017",1.91027870404445e-05
"1322","69","A105",1,1,1779845,"2017",5.61846677660133e-07
"1323","69","A106",2,2,1779845,"2017",1.12369335532027e-06
"1324","69","A107",3,3,1779845,"2017",1.6855400329804e-06
"1325","69","A108",2,2,1779845,"2017",1.12369335532027e-06
"1326","69","A109",2,2,1779845,"2017",1.12369335532027e-06
"1327","69","A206",190,166,1779845,"2017",9.32665484915821e-05
"1328","69","A208",50,62,1779845,"2017",3.48344940149283e-05
"1329","70","A104",27,27,238956,"2017",0.000112991513081906
"1330","70","A105",0,0,238956,"2017",0
"1331","70","A106",1,1,238956,"2017",4.18487085488542e-06
"1332","70","A107",2,2,238956,"2017",8.36974170977084e-06
"1333","70","A108",2,2,238956,"2017",8.36974170977084e-06
"1334","70","A109",1,1,238956,"2017",4.18487085488542e-06
"1335","70","A206",58,43,238956,"2017",0.000179949446760073
"1336","70","A208",54,69,238956,"2017",0.000288756088987094
"1337","71","A104",48,41,556222,"2017",7.37115755939175e-05
"1338","71","A105",0,0,556222,"2017",0
"1339","71","A106",2,2,556222,"2017",3.59568661433744e-06
"1340","71","A107",3,3,556222,"2017",5.39352992150616e-06
"1341","71","A108",2,2,556222,"2017",3.59568661433744e-06
"1342","71","A109",2,2,556222,"2017",3.59568661433744e-06
"1343","71","A206",109,93,556222,"2017",0.000167199427566691
"1344","71","A208",88,97,556222,"2017",0.000174390800795366
"1345","72","A104",38,37,569035,"2017",6.50223624205892e-05
"1346","72","A105",0,0,569035,"2017",0
"1347","72","A106",1,1,569035,"2017",1.75736114650241e-06
"1348","72","A107",2,2,569035,"2017",3.51472229300482e-06
"1349","72","A108",1,1,569035,"2017",1.75736114650241e-06
"1350","72","A109",1,1,569035,"2017",1.75736114650241e-06
"1351","72","A206",75,64,569035,"2017",0.000112471113376154
"1352","72","A208",107,113,569035,"2017",0.000198581809554773
"1353","73","A104",31,29,423715,"2017",6.84422312167377e-05
"1354","73","A105",1,1,423715,"2017",2.36007693850819e-06
"1355","73","A106",2,2,423715,"2017",4.72015387701639e-06
"1356","73","A107",2,2,423715,"2017",4.72015387701639e-06
"1357","73","A108",3,3,423715,"2017",7.08023081552459e-06
"1358","73","A109",1,1,423715,"2017",2.36007693850819e-06
"1359","73","A206",84,74,423715,"2017",0.000174645693449606
"1360","73","A208",56,62,423715,"2017",0.000146324770187508
"1361","74","A104",38,35,769677,"2017",4.54736207526014e-05
"1362","74","A105",0,0,769677,"2017",0
"1363","74","A106",3,3,769677,"2017",3.89773892165155e-06
"1364","74","A107",4,4,769677,"2017",5.19698522886873e-06
"1365","74","A108",3,3,769677,"2017",3.89773892165155e-06
"1366","74","A109",2,2,769677,"2017",2.59849261443437e-06
"1367","74","A206",109,101,769677,"2017",0.000131223877028936
"1368","74","A208",37,46,769677,"2017",5.97653301319904e-05
"1369","75","A104",1,0,2229621,"2017",0
"1370","75","A105",1,1,2229621,"2017",4.48506719303415e-07
"1371","75","A106",1,1,2229621,"2017",4.48506719303415e-07
"1372","75","A107",20,20,2229621,"2017",8.97013438606831e-06
"1373","75","A108",1,1,2229621,"2017",4.48506719303415e-07
"1374","75","A109",1,1,2229621,"2017",4.48506719303415e-07
"1375","75","A206",188,173,2229621,"2017",7.75916624394908e-05
"1376","75","A208",0,0,2229621,"2017",0
"1377","76","A104",49,43,1254609,"2017",3.42736262851614e-05
"1378","76","A105",1,1,1254609,"2017",7.97061076399101e-07
"1379","76","A106",3,3,1254609,"2017",2.3911832291973e-06
"1380","76","A107",3,3,1254609,"2017",2.3911832291973e-06
"1381","76","A108",3,3,1254609,"2017",2.3911832291973e-06
"1382","76","A109",3,3,1254609,"2017",2.3911832291973e-06
"1383","76","A206",155,144,1254609,"2017",0.000114776795001471
"1384","76","A208",62,67,1254609,"2017",5.34030921187398e-05
"1385","77","A104",32,29,1365200,"2017",2.12423088192206e-05
"1386","77","A105",0,0,1365200,"2017",0
"1387","77","A106",3,3,1365200,"2017",2.197480222678e-06
"1388","77","A107",4,4,1365200,"2017",2.92997363023733e-06
"1389","77","A108",3,3,1365200,"2017",2.197480222678e-06
"1390","77","A109",2,2,1365200,"2017",1.46498681511866e-06
"1391","77","A206",182,177,1365200,"2017",0.000129651333138002
"1392","77","A208",42,55,1365200,"2017",4.02871374157633e-05
"1393","78","A104",22,20,1418484,"2017",1.40995598117427e-05
"1394","78","A105",1,1,1418484,"2017",7.04977990587134e-07
"1395","78","A106",1,1,1418484,"2017",7.04977990587134e-07
"1396","78","A107",5,5,1418484,"2017",3.52488995293567e-06
"1397","78","A108",5,5,1418484,"2017",3.52488995293567e-06
"1398","78","A109",1,1,1418484,"2017",7.04977990587134e-07
"1399","78","A206",137,123,1418484,"2017",8.67122928422175e-05
"1400","78","A208",35,42,1418484,"2017",2.96090756046596e-05
"1401","79","A104",29,27,371632,"2017",7.26525164679037e-05
"1402","79","A105",0,0,371632,"2017",0
"1403","79","A106",1,1,371632,"2017",2.69083394325569e-06
"1404","79","A107",2,2,371632,"2017",5.38166788651139e-06
"1405","79","A108",2,2,371632,"2017",5.38166788651139e-06
"1406","79","A109",1,1,371632,"2017",2.69083394325569e-06
"1407","79","A206",53,49,371632,"2017",0.000131850863219529
"1408","79","A208",42,47,371632,"2017",0.000126469195333018
"1409","80","A104",38,37,571675,"2017",6.47220885992916e-05
"1410","80","A105",1,1,571675,"2017",1.74924563781869e-06
"1411","80","A106",1,1,571675,"2017",1.74924563781869e-06
"1412","80","A107",3,3,571675,"2017",5.24773691345607e-06
"1413","80","A108",3,3,571675,"2017",5.24773691345607e-06
"1414","80","A109",1,1,571675,"2017",1.74924563781869e-06
"1415","80","A206",96,83,571675,"2017",0.000145187387938951
"1416","80","A208",59,71,571675,"2017",0.000124196440285127
"1417","81","A104",34,31,381927,"2017",8.11673434975794e-05
"1418","81","A105",0,0,381927,"2017",0
"1419","81","A106",2,2,381927,"2017",5.23660280629544e-06
"1420","81","A107",2,2,381927,"2017",5.23660280629544e-06
"1421","81","A108",2,2,381927,"2017",5.23660280629544e-06
"1422","81","A109",2,2,381927,"2017",5.23660280629544e-06
"1423","81","A206",70,56,381927,"2017",0.000146624878576272
"1424","81","A208",31,44,381927,"2017",0.0001152052617385
"1425","82","A104",23,21,250342,"2017",8.38852449848607e-05
"1426","82","A105",0,0,250342,"2017",0
"1427","82","A106",1,1,250342,"2017",3.99453547546956e-06
"1428","82","A107",2,2,250342,"2017",7.98907095093911e-06
"1429","82","A108",1,1,250342,"2017",3.99453547546956e-06
"1430","82","A109",1,1,250342,"2017",3.99453547546956e-06
"1431","82","A206",66,51,250342,"2017",0.000203721309248947
"1432","82","A208",30,42,250342,"2017",0.000167770489969721
"1433","83","A104",32,32,1028583,"2017",3.11107611150486e-05
"1434","83","A105",0,0,1028583,"2017",0
"1435","83","A106",2,2,1028583,"2017",1.94442256969054e-06
"1436","83","A107",4,4,1028583,"2017",3.88884513938107e-06
"1437","83","A108",3,3,1028583,"2017",2.9166338545358e-06
"1438","83","A109",3,3,1028583,"2017",2.9166338545358e-06
"1439","83","A206",165,157,1028583,"2017",0.000152637171720707
"1440","83","A208",21,22,1028583,"2017",2.13886482665959e-05
"1441","84","A104",25,23,549949,"2017",4.18220598637328e-05
"1442","84","A105",0,0,549949,"2017",0
"1443","84","A106",2,2,549949,"2017",3.6367008577159e-06
"1444","84","A107",4,4,549949,"2017",7.27340171543179e-06
"1445","84","A108",2,2,549949,"2017",3.6367008577159e-06
"1446","84","A109",1,1,549949,"2017",1.81835042885795e-06
"1447","84","A206",107,101,549949,"2017",0.000183653393314653
"1448","84","A208",21,25,549949,"2017",4.54587607214487e-05
"1449","85","A104",31,30,655506,"2017",4.57661714766913e-05
"1450","85","A105",0,0,655506,"2017",0
"1451","85","A106",2,2,655506,"2017",3.05107809844609e-06
"1452","85","A107",3,3,655506,"2017",4.57661714766913e-06
"1453","85","A108",2,2,655506,"2017",3.05107809844609e-06
"1454","85","A109",1,1,655506,"2017",1.52553904922304e-06
"1455","85","A206",95,78,655506,"2017",0.000118992045839397
"1456","85","A208",75,84,655506,"2017",0.000128145280134736
"1457","86","A104",31,26,431248,"2017",6.02901346788855e-05
"1458","86","A105",1,1,431248,"2017",2.31885133380329e-06
"1459","86","A106",1,1,431248,"2017",2.31885133380329e-06
"1460","86","A107",2,2,431248,"2017",4.63770266760658e-06
"1461","86","A108",1,1,431248,"2017",2.31885133380329e-06
"1462","86","A109",1,1,431248,"2017",2.31885133380329e-06
"1463","86","A206",92,79,431248,"2017",0.00018318925537046
"1464","86","A208",71,80,431248,"2017",0.000185508106704263
"1465","87","A104",26,24,375856,"2017",6.38542420501469e-05
"1466","87","A105",1,1,375856,"2017",2.66059341875612e-06
"1467","87","A106",1,1,375856,"2017",2.66059341875612e-06
"1468","87","A107",1,1,375856,"2017",2.66059341875612e-06
"1469","87","A108",1,1,375856,"2017",2.66059341875612e-06
"1470","87","A109",1,1,375856,"2017",2.66059341875612e-06
"1471","87","A206",80,67,375856,"2017",0.00017825975905666
"1472","87","A208",63,76,375856,"2017",0.000202205099825465
"1473","88","A104",33,30,375226,"2017",7.99518157057347e-05
"1474","88","A105",0,0,375226,"2017",0
"1475","88","A106",1,1,375226,"2017",2.66506052352449e-06
"1476","88","A107",2,2,375226,"2017",5.33012104704898e-06
"1477","88","A108",2,2,375226,"2017",5.33012104704898e-06
"1478","88","A109",1,1,375226,"2017",2.66506052352449e-06
"1479","88","A206",79,66,375226,"2017",0.000175893994552616
"1480","88","A208",36,54,375226,"2017",0.000143913268270322
"1481","89","A104",37,33,341483,"2017",9.66373143026153e-05
"1482","89","A105",0,0,341483,"2017",0
"1483","89","A106",2,2,341483,"2017",5.85680692743123e-06
"1484","89","A107",2,2,341483,"2017",5.85680692743123e-06
"1485","89","A108",2,2,341483,"2017",5.85680692743123e-06
"1486","89","A109",2,2,341483,"2017",5.85680692743123e-06
"1487","89","A206",57,52,341483,"2017",0.000152276980113212
"1488","89","A208",94,102,341483,"2017",0.000298697153298993
"1489","90","A104",8,8,144318,"2017",5.54331407031694e-05
"1490","90","A105",0,0,144318,"2017",0
"1491","90","A106",1,1,144318,"2017",6.92914258789618e-06
"1492","90","A107",1,1,144318,"2017",6.92914258789618e-06
"1493","90","A108",1,1,144318,"2017",6.92914258789618e-06
"1494","90","A109",1,1,144318,"2017",6.92914258789618e-06
"1495","90","A206",24,19,144318,"2017",0.000131653709170027
"1496","90","A208",5,7,144318,"2017",4.85039981152732e-05
"1497","91","A104",26,25,1253931,"2017",1.9937301175264e-05
"1498","91","A105",0,0,1253931,"2017",0
"1499","91","A106",1,1,1253931,"2017",7.97492047010561e-07
"1500","91","A107",5,5,1253931,"2017",3.98746023505281e-06
"1501","91","A108",2,2,1253931,"2017",1.59498409402112e-06
"1502","91","A109",1,1,1253931,"2017",7.97492047010561e-07
"1503","91","A206",116,108,1253931,"2017",8.61291410771406e-05
"1504","91","A208",25,28,1253931,"2017",2.23297773162957e-05
"1505","92","A104",1,0,1591403,"2017",0
"1506","92","A105",0,0,1591403,"2017",0
"1507","92","A106",1,1,1591403,"2017",6.28376344646831e-07
"1508","92","A107",7,7,1591403,"2017",4.39863441252781e-06
"1509","92","A108",2,2,1591403,"2017",1.25675268929366e-06
"1510","92","A109",1,1,1591403,"2017",6.28376344646831e-07
"1511","92","A206",101,100,1591403,"2017",6.28376344646831e-05
"1512","92","A208",3,3,1591403,"2017",1.88512903394049e-06
"1513","93","A104",1,0,1552482,"2017",0
"1514","93","A105",0,0,1552482,"2017",0
"1515","93","A106",1,1,1552482,"2017",6.44129851425008e-07
"1516","93","A107",8,8,1552482,"2017",5.15303881140007e-06
"1517","93","A108",1,1,1552482,"2017",6.44129851425008e-07
"1518","93","A109",1,1,1552482,"2017",6.44129851425008e-07
"1519","93","A206",96,94,1552482,"2017",6.05482060339508e-05
"1520","93","A208",3,4,1552482,"2017",2.57651940570003e-06
"1521","94","A104",1,0,1354005,"2017",0
"1522","94","A105",0,0,1354005,"2017",0
"1523","94","A106",1,1,1354005,"2017",7.38549709934601e-07
"1524","94","A107",6,6,1354005,"2017",4.43129825960761e-06
"1525","94","A108",2,2,1354005,"2017",1.4770994198692e-06
"1526","94","A109",1,1,1354005,"2017",7.38549709934601e-07
"1527","94","A206",98,95,1354005,"2017",7.01622224437871e-05
"1528","94","A208",5,5,1354005,"2017",3.69274854967301e-06
"1529","95","A104",20,17,1194681,"2017",1.42297399891687e-05
"1530","95","A105",0,0,1194681,"2017",0
"1531","95","A106",1,1,1194681,"2017",8.37043528774627e-07
"1532","95","A107",4,4,1194681,"2017",3.34817411509851e-06
"1533","95","A108",3,3,1194681,"2017",2.51113058632388e-06
"1534","95","A109",1,1,1194681,"2017",8.37043528774627e-07
"1535","95","A206",128,117,1194681,"2017",9.79340928666313e-05
"1536","95","A208",12,20,1194681,"2017",1.67408705754925e-05
